timestamp_utc,timestamp_local,model_id,forecast_kwh,actual_total_kwh,occupancy_hat,base_hat,behaviour_hat,space_heating_hat,water_heater_hat,water_draw_hat_l,tank_hat_c
2025-09-09T22:00:00+00:00,2025-09-10T00:00:00+02:00,modular_catboost,0.111397,0.121250,4.000000,0.093667,0.017730,0.000000,0.000000,0.000000,54.212336
2025-09-09T23:00:00+00:00,2025-09-10T01:00:00+02:00,modular_catboost,0.096055,0.093667,3.998396,0.093667,0.002388,0.000000,0.000000,0.000000,53.984200
2025-09-10T00:00:00+00:00,2025-09-10T02:00:00+02:00,modular_catboost,0.093743,0.093667,3.999956,0.093667,0.000076,0.000000,0.000000,0.000000,53.757762
2025-09-10T01:00:00+00:00,2025-09-10T03:00:00+02:00,modular_catboost,0.096570,0.093667,4.000000,0.093667,0.002903,0.000000,0.000000,0.000000,53.533009
2025-09-10T02:00:00+00:00,2025-09-10T04:00:00+02:00,modular_catboost,0.110381,0.093667,3.998649,0.093667,0.016714,0.000000,0.000000,0.000000,53.309927
2025-09-10T03:00:00+00:00,2025-09-10T05:00:00+02:00,modular_catboost,0.187614,0.093667,3.931953,0.093667,0.093947,0.000000,0.000000,0.000000,53.088506
2025-09-10T04:00:00+00:00,2025-09-10T06:00:00+02:00,modular_catboost,0.221174,0.507000,3.928497,0.093667,0.127507,0.000000,0.000000,0.000000,52.868731
2025-09-10T05:00:00+00:00,2025-09-10T07:00:00+02:00,modular_catboost,0.403595,2.048333,3.281958,0.093667,0.298339,0.011589,0.000000,16.919055,50.250765
2025-09-10T06:00:00+00:00,2025-09-10T08:00:00+02:00,modular_catboost,0.356205,0.153667,2.060369,0.093667,0.256504,0.006034,0.000000,0.000000,50.052102
2025-09-10T07:00:00+00:00,2025-09-10T09:00:00+02:00,modular_catboost,1.395954,0.955612,1.940996,0.093667,0.202287,0.000000,1.100000,0.000000,54.971203
2025-09-10T08:00:00+00:00,2025-09-10T10:00:00+02:00,modular_catboost,0.275284,0.464527,1.881536,0.093667,0.181617,0.000000,0.000000,0.000000,54.737422
2025-09-10T09:00:00+00:00,2025-09-10T11:00:00+02:00,modular_catboost,0.344351,0.436629,1.868489,0.093667,0.250684,0.000000,0.000000,0.000000,54.505381
2025-09-10T10:00:00+00:00,2025-09-10T12:00:00+02:00,modular_catboost,0.356920,0.123667,1.860593,0.093667,0.263253,0.000000,0.000000,0.000000,54.275065
2025-09-10T11:00:00+00:00,2025-09-10T13:00:00+02:00,modular_catboost,0.341466,0.153667,1.676397,0.093667,0.247799,0.000000,0.000000,0.000000,54.046463
2025-09-10T12:00:00+00:00,2025-09-10T14:00:00+02:00,modular_catboost,0.274820,0.153667,2.030333,0.093667,0.181153,0.000000,0.000000,0.000000,53.819562
2025-09-10T13:00:00+00:00,2025-09-10T15:00:00+02:00,modular_catboost,0.270533,0.143667,2.776196,0.093667,0.174233,0.002633,0.000000,0.000000,53.594349
2025-09-10T14:00:00+00:00,2025-09-10T16:00:00+02:00,modular_catboost,0.409666,1.890333,2.883018,0.093667,0.315999,0.000000,0.000000,0.000000,53.370811
2025-09-10T15:00:00+00:00,2025-09-10T17:00:00+02:00,modular_catboost,1.430276,0.093667,2.906749,0.093667,0.303275,0.000000,1.033333,46.576417,51.355852
2025-09-10T16:00:00+00:00,2025-09-10T18:00:00+02:00,modular_catboost,1.189327,0.147667,2.953417,0.093667,0.295660,0.000000,0.800000,0.000000,54.860421
2025-09-10T17:00:00+00:00,2025-09-10T19:00:00+02:00,modular_catboost,0.862776,0.334912,2.965854,0.093667,0.366272,0.002837,0.400000,40.948869,50.684661
2025-09-10T18:00:00+00:00,2025-09-10T20:00:00+02:00,modular_catboost,2.447633,1.042135,2.994207,0.093667,0.349964,0.004003,2.000000,40.766024,53.999910
2025-09-10T19:00:00+00:00,2025-09-10T21:00:00+02:00,modular_catboost,0.567021,1.728778,3.090152,0.093667,0.232157,0.007864,0.233333,0.000000,54.854717
2025-09-10T20:00:00+00:00,2025-09-10T22:00:00+02:00,modular_catboost,0.192497,0.256943,3.471877,0.093667,0.081197,0.017633,0.000000,0.000000,54.621803
2025-09-10T21:00:00+00:00,2025-09-10T23:00:00+02:00,modular_catboost,0.178387,0.154596,3.850601,0.093667,0.058910,0.025810,0.000000,0.000000,54.390621
2025-09-10T22:00:00+00:00,2025-09-11T00:00:00+02:00,modular_catboost,0.107366,0.122098,3.975467,0.093667,0.013699,0.000000,0.000000,0.000000,54.161160
2025-09-10T23:00:00+00:00,2025-09-11T01:00:00+02:00,modular_catboost,0.096268,0.093667,3.968443,0.093667,0.002601,0.000000,0.000000,0.000000,53.933405
2025-09-11T00:00:00+00:00,2025-09-11T02:00:00+02:00,modular_catboost,0.094422,0.093667,3.956572,0.093667,0.000755,0.000000,0.000000,0.000000,53.707345
2025-09-11T01:00:00+00:00,2025-09-11T03:00:00+02:00,modular_catboost,0.097780,0.093667,3.960224,0.093667,0.004113,0.000000,0.000000,0.000000,53.482966
2025-09-11T02:00:00+00:00,2025-09-11T04:00:00+02:00,modular_catboost,0.163091,0.093667,3.957732,0.093667,0.069424,0.000000,0.000000,0.000000,53.260257
2025-09-11T03:00:00+00:00,2025-09-11T05:00:00+02:00,modular_catboost,0.248842,0.093667,3.898263,0.093667,0.153589,0.001585,0.000000,0.000000,53.039205
2025-09-11T04:00:00+00:00,2025-09-11T06:00:00+02:00,modular_catboost,0.242174,0.607000,3.860540,0.093667,0.147609,0.000899,0.000000,14.421728,50.769744
2025-09-11T05:00:00+00:00,2025-09-11T07:00:00+02:00,modular_catboost,1.961290,0.646111,3.021486,0.093667,0.283451,0.117506,1.466667,18.229764,54.802243
2025-09-11T06:00:00+00:00,2025-09-11T08:00:00+02:00,modular_catboost,0.386821,0.165333,1.143624,0.093667,0.226487,0.000000,0.066667,0.000000,54.878584
2025-09-11T07:00:00+00:00,2025-09-11T09:00:00+02:00,modular_catboost,0.348932,0.507000,0.950105,0.093667,0.204529,0.050735,0.000000,0.000000,54.645492
2025-09-11T08:00:00+00:00,2025-09-11T10:00:00+02:00,modular_catboost,0.335486,2.093667,0.887629,0.093667,0.213781,0.028038,0.000000,0.000000,54.414134
2025-09-11T09:00:00+00:00,2025-09-11T11:00:00+02:00,modular_catboost,0.394824,0.209500,0.874973,0.093667,0.301157,0.000000,0.000000,0.000000,54.184497
2025-09-11T10:00:00+00:00,2025-09-11T12:00:00+02:00,modular_catboost,0.327614,0.172500,0.874973,0.093667,0.233207,0.000740,0.000000,0.000000,53.956569
2025-09-11T11:00:00+00:00,2025-09-11T13:00:00+02:00,modular_catboost,0.285926,0.093667,0.693069,0.093667,0.184301,0.007957,0.000000,0.000000,53.730337
2025-09-11T12:00:00+00:00,2025-09-11T14:00:00+02:00,modular_catboost,0.255732,0.093667,1.097946,0.093667,0.160040,0.002025,0.000000,0.000000,53.505787
2025-09-11T13:00:00+00:00,2025-09-11T15:00:00+02:00,modular_catboost,0.267308,0.178000,1.950708,0.093667,0.158168,0.015473,0.000000,0.000000,53.282908
2025-09-11T14:00:00+00:00,2025-09-11T16:00:00+02:00,modular_catboost,0.379549,0.097333,2.332777,0.093667,0.282902,0.002980,0.000000,0.000000,53.061688
2025-09-11T15:00:00+00:00,2025-09-11T17:00:00+02:00,modular_catboost,1.574833,1.293667,2.870702,0.093667,0.281166,0.000000,1.200000,51.877971,51.055650
2025-09-11T16:00:00+00:00,2025-09-11T18:00:00+02:00,modular_catboost,1.264608,1.893667,2.975933,0.093667,0.304274,0.000000,0.866667,0.000000,54.872240
2025-09-11T17:00:00+00:00,2025-09-11T19:00:00+02:00,modular_catboost,0.725264,1.702461,2.996537,0.093667,0.331597,0.000000,0.300000,38.049197,50.629841
2025-09-11T18:00:00+00:00,2025-09-11T20:00:00+02:00,modular_catboost,2.455864,0.475779,3.032409,0.093667,0.362197,0.000000,2.000000,40.706497,53.941376
2025-09-11T19:00:00+00:00,2025-09-11T21:00:00+02:00,modular_catboost,0.654320,0.623766,3.121159,0.093667,0.327320,0.000000,0.233333,0.000000,54.796619
2025-09-11T20:00:00+00:00,2025-09-11T22:00:00+02:00,modular_catboost,0.278613,0.458927,3.491527,0.093667,0.184946,0.000000,0.000000,0.000000,54.564137
2025-09-11T21:00:00+00:00,2025-09-11T23:00:00+02:00,modular_catboost,0.175101,0.246120,3.847897,0.093667,0.079751,0.001684,0.000000,0.000000,54.333384
2025-09-11T22:00:00+00:00,2025-09-12T00:00:00+02:00,modular_catboost,0.106796,0.111100,3.972795,0.093667,0.013129,0.000000,0.000000,0.000000,54.104348
2025-09-11T23:00:00+00:00,2025-09-12T01:00:00+02:00,modular_catboost,0.093667,0.093667,3.966346,0.093667,0.000000,0.000000,0.000000,0.000000,53.877016
2025-09-12T00:00:00+00:00,2025-09-12T02:00:00+02:00,modular_catboost,0.093667,0.093667,3.967912,0.093667,0.000000,0.000000,0.000000,0.000000,53.651376
2025-09-12T01:00:00+00:00,2025-09-12T03:00:00+02:00,modular_catboost,0.093667,0.093667,3.982084,0.093667,0.000000,0.000000,0.000000,0.000000,53.427414
2025-09-12T02:00:00+00:00,2025-09-12T04:00:00+02:00,modular_catboost,0.136628,0.093667,3.978873,0.093667,0.042961,0.000000,0.000000,0.000000,53.205118
2025-09-12T03:00:00+00:00,2025-09-12T05:00:00+02:00,modular_catboost,0.289017,0.093667,3.903943,0.093667,0.195350,0.000000,0.000000,0.000000,52.984476
2025-09-12T04:00:00+00:00,2025-09-12T06:00:00+02:00,modular_catboost,0.245170,0.207000,3.880772,0.093667,0.151503,0.000000,0.000000,10.062041,51.331987
2025-09-12T05:00:00+00:00,2025-09-12T07:00:00+02:00,modular_catboost,1.385199,0.257222,2.980626,0.093667,0.283021,0.008512,1.000000,16.726809,53.400707
2025-09-12T06:00:00+00:00,2025-09-12T08:00:00+02:00,modular_catboost,0.662245,0.593667,1.124764,0.093667,0.201911,0.000000,0.366667,0.000000,54.878317
2025-09-12T07:00:00+00:00,2025-09-12T09:00:00+02:00,modular_catboost,0.305755,1.452312,0.954067,0.093667,0.199715,0.012373,0.000000,0.000000,54.645227
2025-09-12T08:00:00+00:00,2025-09-12T10:00:00+02:00,modular_catboost,0.308888,0.285505,0.898093,0.093667,0.215221,0.000000,0.000000,0.000000,54.413871
2025-09-12T09:00:00+00:00,2025-09-12T11:00:00+02:00,modular_catboost,0.383100,1.494214,0.880471,0.093667,0.289433,0.000000,0.000000,0.000000,54.184236
2025-09-12T10:00:00+00:00,2025-09-12T12:00:00+02:00,modular_catboost,0.309359,0.093667,0.881539,0.093667,0.215692,0.000000,0.000000,0.000000,53.956310
2025-09-12T11:00:00+00:00,2025-09-12T13:00:00+02:00,modular_catboost,0.279116,0.093667,0.699782,0.093667,0.173430,0.012019,0.000000,0.000000,53.730079
2025-09-12T12:00:00+00:00,2025-09-12T14:00:00+02:00,modular_catboost,0.244476,0.093667,1.102727,0.093667,0.140592,0.010217,0.000000,0.000000,53.505532
2025-09-12T13:00:00+00:00,2025-09-12T15:00:00+02:00,modular_catboost,0.255902,0.093667,1.963076,0.093667,0.155330,0.006905,0.000000,0.000000,53.282655
2025-09-12T14:00:00+00:00,2025-09-12T16:00:00+02:00,modular_catboost,0.361858,0.178000,2.336248,0.093667,0.265255,0.002936,0.000000,0.000000,53.061436
2025-09-12T15:00:00+00:00,2025-09-12T17:00:00+02:00,modular_catboost,0.375514,0.093667,2.861850,0.093667,0.281847,0.000000,0.000000,0.000000,52.841863
2025-09-12T16:00:00+00:00,2025-09-12T18:00:00+02:00,modular_catboost,0.333254,0.093667,2.973396,0.093667,0.239587,0.000000,0.000000,0.000000,52.623923
2025-09-12T17:00:00+00:00,2025-09-12T19:00:00+02:00,modular_catboost,0.416371,0.213613,3.000806,0.093667,0.322704,0.000000,0.000000,0.000000,52.407605
2025-09-12T18:00:00+00:00,2025-09-12T20:00:00+02:00,modular_catboost,1.621372,0.349428,3.029313,0.093667,0.327705,0.000000,1.200000,40.213604,52.051875
2025-09-12T19:00:00+00:00,2025-09-12T21:00:00+02:00,modular_catboost,1.921662,0.370927,3.119991,0.093667,0.256973,0.004355,1.566667,36.536079,53.913383
2025-09-12T20:00:00+00:00,2025-09-12T22:00:00+02:00,modular_catboost,0.942898,0.272454,3.489256,0.093667,0.243071,0.006160,0.600000,37.409589,51.155051
2025-09-12T21:00:00+00:00,2025-09-12T23:00:00+02:00,modular_catboost,1.129700,1.951557,3.846196,0.093667,0.165431,0.003935,0.866667,0.000000,54.970902
