timestamp_utc,timestamp_local,month,day_of_week,hour,day_of_year,is_weekend,month_sin,month_cos,weekday_sin,weekday_cos,hour_sin,hour_cos,year_sin,year_cos,temperature_2m,cloud_cover,relative_humidity_2m,wind_speed_10m,precipitation,snowfall,shortwave_radiation_instant,wind_ms,public_holiday,school_break,family_vacation,school_day,ania_wfh,heating_degree_c,cooling_degree_c,dark_hour,marek_shift_morning,marek_shift_evening,marek_shift_night,marek_shift_off,vacation_summer,vacation_winter,vacation_spring_autumn
2025-09-09 22:00:00+00:00,2025-09-10 00:00:00+02:00,9,2,0,253,0.000000,-1.000000,-0.000000,0.974928,-0.222521,0.000000,1.000000,-0.935835,-0.352439,15.900000,2.000000,91.000000,9.900000,0.000000,0.000000,0.000000,2.750000,0.000000,0.000000,0.000000,1.000000,1.000000,2.100000,0.000000,1.000000,0.000000,1.000000,0.000000,0.000000,0.000000,0.000000,0.000000
2025-09-09 23:00:00+00:00,2025-09-10 01:00:00+02:00,9,2,1,253,0.000000,-1.000000,-0.000000,0.974928,-0.222521,0.258819,0.965926,-0.935835,-0.352439,15.500000,100.000000,92.000000,9.000000,0.000000,0.000000,0.000000,2.500000,0.000000,0.000000,0.000000,1.000000,1.000000,2.500000,0.000000,1.000000,0.000000,1.000000,0.000000,0.000000,0.000000,0.000000,0.000000
2025-09-10 00:00:00+00:00,2025-09-10 02:00:00+02:00,9,2,2,253,0.000000,-1.000000,-0.000000,0.974928,-0.222521,0.500000,0.866025,-0.935835,-0.352439,15.200000,100.000000,92.000000,8.000000,0.000000,0.000000,0.000000,2.222222,0.000000,0.000000,0.000000,1.000000,1.000000,2.800000,0.000000,1.000000,0.000000,1.000000,0.000000,0.000000,0.000000,0.000000,0.000000
2025-09-10 01:00:00+00:00,2025-09-10 03:00:00+02:00,9,2,3,253,0.000000,-1.000000,-0.000000,0.974928,-0.222521,0.707107,0.707107,-0.935835,-0.352439,14.700000,100.000000,93.000000,8.400000,0.000000,0.000000,0.000000,2.333333,0.000000,0.000000,0.000000,1.000000,1.000000,3.300000,0.000000,1.000000,0.000000,1.000000,0.000000,0.000000,0.000000,0.000000,0.000000
2025-09-10 02:00:00+00:00,2025-09-10 04:00:00+02:00,9,2,4,253,0.000000,-1.000000,-0.000000,0.974928,-0.222521,0.866025,0.500000,-0.935835,-0.352439,14.500000,29.000000,93.000000,7.100000,0.000000,0.000000,0.000000,1.972222,0.000000,0.000000,0.000000,1.000000,1.000000,3.500000,0.000000,1.000000,0.000000,1.000000,0.000000,0.000000,0.000000,0.000000,0.000000
2025-09-10 03:00:00+00:00,2025-09-10 05:00:00+02:00,9,2,5,253,0.000000,-1.000000,-0.000000,0.974928,-0.222521,0.965926,0.258819,-0.935835,-0.352439,14.200000,11.000000,94.000000,6.600000,0.000000,0.000000,0.000000,1.833333,0.000000,0.000000,0.000000,1.000000,1.000000,3.800000,0.000000,1.000000,0.000000,1.000000,0.000000,0.000000,0.000000,0.000000,0.000000
2025-09-10 04:00:00+00:00,2025-09-10 06:00:00+02:00,9,2,6,253,0.000000,-1.000000,-0.000000,0.974928,-0.222521,1.000000,0.000000,-0.935835,-0.352439,13.900000,4.000000,95.000000,7.000000,0.000000,0.000000,0.000000,1.944444,0.000000,0.000000,0.000000,1.000000,1.000000,4.100000,0.000000,1.000000,0.000000,1.000000,0.000000,0.000000,0.000000,0.000000,0.000000
2025-09-10 05:00:00+00:00,2025-09-10 07:00:00+02:00,9,2,7,253,0.000000,-1.000000,-0.000000,0.974928,-0.222521,0.965926,-0.258819,-0.935835,-0.352439,13.900000,28.000000,95.000000,7.800000,0.000000,0.000000,59.500000,2.166667,0.000000,0.000000,0.000000,1.000000,1.000000,4.100000,0.000000,0.000000,0.000000,1.000000,0.000000,0.000000,0.000000,0.000000,0.000000
2025-09-10 06:00:00+00:00,2025-09-10 08:00:00+02:00,9,2,8,253,0.000000,-1.000000,-0.000000,0.974928,-0.222521,0.866025,-0.500000,-0.935835,-0.352439,15.200000,75.000000,92.000000,5.600000,0.000000,0.000000,185.300000,1.555556,0.000000,0.000000,0.000000,1.000000,1.000000,2.800000,0.000000,0.000000,0.000000,1.000000,0.000000,0.000000,0.000000,0.000000,0.000000
2025-09-10 07:00:00+00:00,2025-09-10 09:00:00+02:00,9,2,9,253,0.000000,-1.000000,-0.000000,0.974928,-0.222521,0.707107,-0.707107,-0.935835,-0.352439,17.200000,100.000000,86.000000,4.600000,0.000000,0.000000,344.200000,1.277778,0.000000,0.000000,0.000000,1.000000,1.000000,0.800000,0.000000,0.000000,0.000000,1.000000,0.000000,0.000000,0.000000,0.000000,0.000000
2025-09-10 08:00:00+00:00,2025-09-10 10:00:00+02:00,9,2,10,253,0.000000,-1.000000,-0.000000,0.974928,-0.222521,0.500000,-0.866025,-0.935835,-0.352439,19.100000,11.000000,77.000000,5.300000,0.000000,0.000000,443.600000,1.472222,0.000000,0.000000,0.000000,1.000000,1.000000,0.000000,0.000000,0.000000,0.000000,1.000000,0.000000,0.000000,0.000000,0.000000,0.000000
2025-09-10 09:00:00+00:00,2025-09-10 11:00:00+02:00,9,2,11,253,0.000000,-1.000000,-0.000000,0.974928,-0.222521,0.258819,-0.965926,-0.935835,-0.352439,21.200000,43.000000,67.000000,4.400000,0.000000,0.000000,601.400000,1.222222,0.000000,0.000000,0.000000,1.000000,1.000000,0.000000,0.000000,0.000000,0.000000,1.000000,0.000000,0.000000,0.000000,0.000000,0.000000
2025-09-10 10:00:00+00:00,2025-09-10 12:00:00+02:00,9,2,12,253,0.000000,-1.000000,-0.000000,0.974928,-0.222521,0.000000,-1.000000,-0.935835,-0.352439,22.700000,99.000000,59.000000,5.100000,0.000000,0.000000,653.700000,1.416667,0.000000,0.000000,0.000000,1.000000,1.000000,0.000000,0.700000,0.000000,0.000000,1.000000,0.000000,0.000000,0.000000,0.000000,0.000000
2025-09-10 11:00:00+00:00,2025-09-10 13:00:00+02:00,9,2,13,253,0.000000,-1.000000,-0.000000,0.974928,-0.222521,-0.258819,-0.965926,-0.935835,-0.352439,22.900000,34.000000,55.000000,7.900000,0.000000,0.000000,471.200000,2.194444,0.000000,0.000000,0.000000,1.000000,1.000000,0.000000,0.900000,0.000000,0.000000,1.000000,0.000000,0.000000,0.000000,0.000000,0.000000
2025-09-10 12:00:00+00:00,2025-09-10 14:00:00+02:00,9,2,14,253,0.000000,-1.000000,-0.000000,0.974928,-0.222521,-0.500000,-0.866025,-0.935835,-0.352439,23.800000,94.000000,51.000000,9.200000,0.000000,0.000000,617.300000,2.555556,0.000000,0.000000,0.000000,1.000000,1.000000,0.000000,1.800000,0.000000,0.000000,1.000000,0.000000,0.000000,0.000000,0.000000,0.000000
2025-09-10 13:00:00+00:00,2025-09-10 15:00:00+02:00,9,2,15,253,0.000000,-1.000000,-0.000000,0.974928,-0.222521,-0.707107,-0.707107,-0.935835,-0.352439,24.200000,100.000000,46.000000,11.900000,0.000000,0.000000,541.900000,3.305556,0.000000,0.000000,0.000000,1.000000,1.000000,0.000000,2.200000,0.000000,0.000000,1.000000,0.000000,0.000000,0.000000,0.000000,0.000000
2025-09-10 14:00:00+00:00,2025-09-10 16:00:00+02:00,9,2,16,253,0.000000,-1.000000,-0.000000,0.974928,-0.222521,-0.866025,-0.500000,-0.935835,-0.352439,23.900000,100.000000,48.000000,13.100000,0.000000,0.000000,377.400000,3.638889,0.000000,0.000000,0.000000,1.000000,1.000000,0.000000,1.900000,0.000000,0.000000,1.000000,0.000000,0.000000,0.000000,0.000000,0.000000
2025-09-10 15:00:00+00:00,2025-09-10 17:00:00+02:00,9,2,17,253,0.000000,-1.000000,-0.000000,0.974928,-0.222521,-0.965926,-0.258819,-0.935835,-0.352439,23.000000,100.000000,55.000000,13.700000,0.000000,0.000000,182.700000,3.805556,0.000000,0.000000,0.000000,1.000000,1.000000,0.000000,1.000000,0.000000,0.000000,1.000000,0.000000,0.000000,0.000000,0.000000,0.000000
2025-09-10 16:00:00+00:00,2025-09-10 18:00:00+02:00,9,2,18,253,0.000000,-1.000000,-0.000000,0.974928,-0.222521,-1.000000,-0.000000,-0.935835,-0.352439,21.900000,100.000000,62.000000,15.300000,0.000000,0.000000,70.700000,4.250000,0.000000,0.000000,0.000000,1.000000,1.000000,0.000000,0.000000,0.000000,0.000000,1.000000,0.000000,0.000000,0.000000,0.000000,0.000000
2025-09-10 17:00:00+00:00,2025-09-10 19:00:00+02:00,9,2,19,253,0.000000,-1.000000,-0.000000,0.974928,-0.222521,-0.965926,0.258819,-0.935835,-0.352439,21.000000,100.000000,64.000000,13.300000,0.000000,0.000000,2.800000,3.694444,0.000000,0.000000,0.000000,1.000000,1.000000,0.000000,0.000000,1.000000,0.000000,1.000000,0.000000,0.000000,0.000000,0.000000,0.000000
2025-09-10 18:00:00+00:00,2025-09-10 20:00:00+02:00,9,2,20,253,0.000000,-1.000000,-0.000000,0.974928,-0.222521,-0.866025,0.500000,-0.935835,-0.352439,20.500000,100.000000,64.000000,13.400000,0.000000,0.000000,0.000000,3.722222,0.000000,0.000000,0.000000,1.000000,1.000000,0.000000,0.000000,1.000000,0.000000,1.000000,0.000000,0.000000,0.000000,0.000000,0.000000
2025-09-10 19:00:00+00:00,2025-09-10 21:00:00+02:00,9,2,21,253,0.000000,-1.000000,-0.000000,0.974928,-0.222521,-0.707107,0.707107,-0.935835,-0.352439,19.500000,100.000000,68.000000,10.600000,0.000000,0.000000,0.000000,2.944444,0.000000,0.000000,0.000000,1.000000,1.000000,0.000000,0.000000,1.000000,0.000000,1.000000,0.000000,0.000000,0.000000,0.000000,0.000000
2025-09-10 20:00:00+00:00,2025-09-10 22:00:00+02:00,9,2,22,253,0.000000,-1.000000,-0.000000,0.974928,-0.222521,-0.500000,0.866025,-0.935835,-0.352439,18.300000,100.000000,76.000000,7.600000,0.300000,0.000000,0.000000,2.111111,0.000000,0.000000,0.000000,1.000000,1.000000,0.000000,0.000000,1.000000,0.000000,1.000000,0.000000,0.000000,0.000000,0.000000,0.000000
2025-09-10 21:00:00+00:00,2025-09-10 23:00:00+02:00,9,2,23,253,0.000000,-1.000000,-0.000000,0.974928,-0.222521,-0.258819,0.965926,-0.935835,-0.352439,17.400000,100.000000,81.000000,11.800000,0.800000,0.000000,0.000000,3.277778,0.000000,0.000000,0.000000,1.000000,1.000000,0.600000,0.000000,1.000000,0.000000,1.000000,0.000000,0.000000,0.000000,0.000000,0.000000
2025-09-10 22:00:00+00:00,2025-09-11 00:00:00+02:00,9,3,0,254,0.000000,-1.000000,-0.000000,0.433884,-0.900969,0.000000,1.000000,-0.941759,-0.336289,16.300000,100.000000,93.000000,13.700000,1.200000,0.000000,0.000000,3.805556,0.000000,0.000000,0.000000,1.000000,0.000000,1.700000,0.000000,1.000000,0.000000,1.000000,0.000000,0.000000,0.000000,0.000000,0.000000
2025-09-10 23:00:00+00:00,2025-09-11 01:00:00+02:00,9,3,1,254,0.000000,-1.000000,-0.000000,0.433884,-0.900969,0.258819,0.965926,-0.941759,-0.336289,16.500000,100.000000,95.000000,13.800000,1.200000,0.000000,0.000000,3.833333,0.000000,0.000000,0.000000,1.000000,0.000000,1.500000,0.000000,1.000000,0.000000,1.000000,0.000000,0.000000,0.000000,0.000000,0.000000
2025-09-11 00:00:00+00:00,2025-09-11 02:00:00+02:00,9,3,2,254,0.000000,-1.000000,-0.000000,0.433884,-0.900969,0.500000,0.866025,-0.941759,-0.336289,16.600000,100.000000,95.000000,16.700000,3.000000,0.000000,0.000000,4.638889,0.000000,0.000000,0.000000,1.000000,0.000000,1.400000,0.000000,1.000000,0.000000,1.000000,0.000000,0.000000,0.000000,0.000000,0.000000
2025-09-11 01:00:00+00:00,2025-09-11 03:00:00+02:00,9,3,3,254,0.000000,-1.000000,-0.000000,0.433884,-0.900969,0.707107,0.707107,-0.941759,-0.336289,16.700000,100.000000,96.000000,17.100000,1.700000,0.000000,0.000000,4.750000,0.000000,0.000000,0.000000,1.000000,0.000000,1.300000,0.000000,1.000000,0.000000,1.000000,0.000000,0.000000,0.000000,0.000000,0.000000
2025-09-11 02:00:00+00:00,2025-09-11 04:00:00+02:00,9,3,4,254,0.000000,-1.000000,-0.000000,0.433884,-0.900969,0.866025,0.500000,-0.941759,-0.336289,16.700000,100.000000,96.000000,13.700000,2.400000,0.000000,0.000000,3.805556,0.000000,0.000000,0.000000,1.000000,0.000000,1.300000,0.000000,1.000000,0.000000,1.000000,0.000000,0.000000,0.000000,0.000000,0.000000
2025-09-11 03:00:00+00:00,2025-09-11 05:00:00+02:00,9,3,5,254,0.000000,-1.000000,-0.000000,0.433884,-0.900969,0.965926,0.258819,-0.941759,-0.336289,16.900000,100.000000,96.000000,14.100000,0.700000,0.000000,0.000000,3.916667,0.000000,0.000000,0.000000,1.000000,0.000000,1.100000,0.000000,1.000000,0.000000,1.000000,0.000000,0.000000,0.000000,0.000000,0.000000
2025-09-11 04:00:00+00:00,2025-09-11 06:00:00+02:00,9,3,6,254,0.000000,-1.000000,-0.000000,0.433884,-0.900969,1.000000,0.000000,-0.941759,-0.336289,16.900000,100.000000,97.000000,12.300000,3.200000,0.000000,0.000000,3.416667,0.000000,0.000000,0.000000,1.000000,0.000000,1.100000,0.000000,1.000000,0.000000,1.000000,0.000000,0.000000,0.000000,0.000000,0.000000
2025-09-11 05:00:00+00:00,2025-09-11 07:00:00+02:00,9,3,7,254,0.000000,-1.000000,-0.000000,0.433884,-0.900969,0.965926,-0.258819,-0.941759,-0.336289,16.900000,100.000000,97.000000,12.200000,0.700000,0.000000,8.800000,3.388889,0.000000,0.000000,0.000000,1.000000,0.000000,1.100000,0.000000,1.000000,0.000000,1.000000,0.000000,0.000000,0.000000,0.000000,0.000000
2025-09-11 06:00:00+00:00,2025-09-11 08:00:00+02:00,9,3,8,254,0.000000,-1.000000,-0.000000,0.433884,-0.900969,0.866025,-0.500000,-0.941759,-0.336289,17.200000,100.000000,96.000000,15.600000,0.400000,0.000000,19.800000,4.333333,0.000000,0.000000,0.000000,1.000000,0.000000,0.800000,0.000000,1.000000,0.000000,1.000000,0.000000,0.000000,0.000000,0.000000,0.000000
2025-09-11 07:00:00+00:00,2025-09-11 09:00:00+02:00,9,3,9,254,0.000000,-1.000000,-0.000000,0.433884,-0.900969,0.707107,-0.707107,-0.941759,-0.336289,16.700000,100.000000,93.000000,16.000000,0.100000,0.000000,76.000000,4.444444,0.000000,0.000000,0.000000,1.000000,0.000000,1.300000,0.000000,0.000000,0.000000,1.000000,0.000000,0.000000,0.000000,0.000000,0.000000
2025-09-11 08:00:00+00:00,2025-09-11 10:00:00+02:00,9,3,10,254,0.000000,-1.000000,-0.000000,0.433884,-0.900969,0.500000,-0.866025,-0.941759,-0.336289,17.300000,100.000000,84.000000,15.100000,0.000000,0.000000,224.200000,4.194444,0.000000,0.000000,0.000000,1.000000,0.000000,0.700000,0.000000,0.000000,0.000000,1.000000,0.000000,0.000000,0.000000,0.000000,0.000000
2025-09-11 09:00:00+00:00,2025-09-11 11:00:00+02:00,9,3,11,254,0.000000,-1.000000,-0.000000,0.433884,-0.900969,0.258819,-0.965926,-0.941759,-0.336289,18.600000,95.000000,74.000000,12.600000,0.000000,0.000000,399.300000,3.500000,0.000000,0.000000,0.000000,1.000000,0.000000,0.000000,0.000000,0.000000,0.000000,1.000000,0.000000,0.000000,0.000000,0.000000,0.000000
2025-09-11 10:00:00+00:00,2025-09-11 12:00:00+02:00,9,3,12,254,0.000000,-1.000000,-0.000000,0.433884,-0.900969,0.000000,-1.000000,-0.941759,-0.336289,19.600000,98.000000,66.000000,10.800000,0.000000,0.000000,517.400000,3.000000,0.000000,0.000000,0.000000,1.000000,0.000000,0.000000,0.000000,0.000000,0.000000,1.000000,0.000000,0.000000,0.000000,0.000000,0.000000
2025-09-11 11:00:00+00:00,2025-09-11 13:00:00+02:00,9,3,13,254,0.000000,-1.000000,-0.000000,0.433884,-0.900969,-0.258819,-0.965926,-0.941759,-0.336289,20.300000,90.000000,62.000000,9.200000,0.000000,0.000000,526.200000,2.555556,0.000000,0.000000,0.000000,1.000000,0.000000,0.000000,0.000000,0.000000,0.000000,1.000000,0.000000,0.000000,0.000000,0.000000,0.000000
2025-09-11 12:00:00+00:00,2025-09-11 14:00:00+02:00,9,3,14,254,0.000000,-1.000000,-0.000000,0.433884,-0.900969,-0.500000,-0.866025,-0.941759,-0.336289,21.000000,58.000000,58.000000,8.700000,0.000000,0.000000,486.200000,2.416667,0.000000,0.000000,0.000000,1.000000,0.000000,0.000000,0.000000,0.000000,0.000000,1.000000,0.000000,0.000000,0.000000,0.000000,0.000000
2025-09-11 13:00:00+00:00,2025-09-11 15:00:00+02:00,9,3,15,254,0.000000,-1.000000,-0.000000,0.433884,-0.900969,-0.707107,-0.707107,-0.941759,-0.336289,20.600000,100.000000,62.000000,8.400000,0.000000,0.000000,392.100000,2.333333,0.000000,0.000000,0.000000,1.000000,0.000000,0.000000,0.000000,0.000000,0.000000,1.000000,0.000000,0.000000,0.000000,0.000000,0.000000
2025-09-11 14:00:00+00:00,2025-09-11 16:00:00+02:00,9,3,16,254,0.000000,-1.000000,-0.000000,0.433884,-0.900969,-0.866025,-0.500000,-0.941759,-0.336289,20.600000,91.000000,63.000000,7.800000,0.000000,0.000000,256.000000,2.166667,0.000000,0.000000,0.000000,1.000000,0.000000,0.000000,0.000000,0.000000,0.000000,1.000000,0.000000,0.000000,0.000000,0.000000,0.000000
2025-09-11 15:00:00+00:00,2025-09-11 17:00:00+02:00,9,3,17,254,0.000000,-1.000000,-0.000000,0.433884,-0.900969,-0.965926,-0.258819,-0.941759,-0.336289,20.400000,72.000000,66.000000,8.100000,0.000000,0.000000,217.400000,2.250000,0.000000,0.000000,0.000000,1.000000,0.000000,0.000000,0.000000,0.000000,0.000000,1.000000,0.000000,0.000000,0.000000,0.000000,0.000000
2025-09-11 16:00:00+00:00,2025-09-11 18:00:00+02:00,9,3,18,254,0.000000,-1.000000,-0.000000,0.433884,-0.900969,-1.000000,-0.000000,-0.941759,-0.336289,19.600000,18.000000,73.000000,4.000000,0.000000,0.000000,102.500000,1.111111,0.000000,0.000000,0.000000,1.000000,0.000000,0.000000,0.000000,0.000000,0.000000,1.000000,0.000000,0.000000,0.000000,0.000000,0.000000
2025-09-11 17:00:00+00:00,2025-09-11 19:00:00+02:00,9,3,19,254,0.000000,-1.000000,-0.000000,0.433884,-0.900969,-0.965926,0.258819,-0.941759,-0.336289,18.200000,9.000000,80.000000,1.500000,0.000000,0.000000,1.800000,0.416667,0.000000,0.000000,0.000000,1.000000,0.000000,0.000000,0.000000,1.000000,0.000000,1.000000,0.000000,0.000000,0.000000,0.000000,0.000000
2025-09-11 18:00:00+00:00,2025-09-11 20:00:00+02:00,9,3,20,254,0.000000,-1.000000,-0.000000,0.433884,-0.900969,-0.866025,0.500000,-0.941759,-0.336289,17.300000,1.000000,83.000000,4.200000,0.000000,0.000000,0.000000,1.166667,0.000000,0.000000,0.000000,1.000000,0.000000,0.700000,0.000000,1.000000,0.000000,1.000000,0.000000,0.000000,0.000000,0.000000,0.000000
2025-09-11 19:00:00+00:00,2025-09-11 21:00:00+02:00,9,3,21,254,0.000000,-1.000000,-0.000000,0.433884,-0.900969,-0.707107,0.707107,-0.941759,-0.336289,17.000000,1.000000,84.000000,7.000000,0.000000,0.000000,0.000000,1.944444,0.000000,0.000000,0.000000,1.000000,0.000000,1.000000,0.000000,1.000000,0.000000,1.000000,0.000000,0.000000,0.000000,0.000000,0.000000
2025-09-11 20:00:00+00:00,2025-09-11 22:00:00+02:00,9,3,22,254,0.000000,-1.000000,-0.000000,0.433884,-0.900969,-0.500000,0.866025,-0.941759,-0.336289,16.300000,0.000000,86.000000,6.900000,0.000000,0.000000,0.000000,1.916667,0.000000,0.000000,0.000000,1.000000,0.000000,1.700000,0.000000,1.000000,0.000000,1.000000,0.000000,0.000000,0.000000,0.000000,0.000000
2025-09-11 21:00:00+00:00,2025-09-11 23:00:00+02:00,9,3,23,254,0.000000,-1.000000,-0.000000,0.433884,-0.900969,-0.258819,0.965926,-0.941759,-0.336289,16.100000,0.000000,81.000000,7.300000,0.000000,0.000000,0.000000,2.027778,0.000000,0.000000,0.000000,1.000000,0.000000,1.900000,0.000000,1.000000,0.000000,1.000000,0.000000,0.000000,0.000000,0.000000,0.000000
2025-09-11 22:00:00+00:00,2025-09-12 00:00:00+02:00,9,4,0,255,0.000000,-1.000000,-0.000000,-0.433884,-0.900969,0.000000,1.000000,-0.947404,-0.320039,15.900000,0.000000,79.000000,8.600000,0.000000,0.000000,0.000000,2.388889,0.000000,0.000000,0.000000,1.000000,0.000000,2.100000,0.000000,1.000000,0.000000,1.000000,0.000000,0.000000,0.000000,0.000000,0.000000
2025-09-11 23:00:00+00:00,2025-09-12 01:00:00+02:00,9,4,1,255,0.000000,-1.000000,-0.000000,-0.433884,-0.900969,0.258819,0.965926,-0.947404,-0.320039,15.600000,0.000000,80.000000,9.300000,0.000000,0.000000,0.000000,2.583333,0.000000,0.000000,0.000000,1.000000,0.000000,2.400000,0.000000,1.000000,0.000000,1.000000,0.000000,0.000000,0.000000,0.000000,0.000000
2025-09-12 00:00:00+00:00,2025-09-12 02:00:00+02:00,9,4,2,255,0.000000,-1.000000,-0.000000,-0.433884,-0.900969,0.500000,0.866025,-0.947404,-0.320039,15.100000,0.000000,82.000000,8.600000,0.000000,0.000000,0.000000,2.388889,0.000000,0.000000,0.000000,1.000000,0.000000,2.900000,0.000000,1.000000,0.000000,1.000000,0.000000,0.000000,0.000000,0.000000,0.000000
2025-09-12 01:00:00+00:00,2025-09-12 03:00:00+02:00,9,4,3,255,0.000000,-1.000000,-0.000000,-0.433884,-0.900969,0.707107,0.707107,-0.947404,-0.320039,14.000000,0.000000,87.000000,5.400000,0.000000,0.000000,0.000000,1.500000,0.000000,0.000000,0.000000,1.000000,0.000000,4.000000,0.000000,1.000000,0.000000,1.000000,0.000000,0.000000,0.000000,0.000000,0.000000
2025-09-12 02:00:00+00:00,2025-09-12 04:00:00+02:00,9,4,4,255,0.000000,-1.000000,-0.000000,-0.433884,-0.900969,0.866025,0.500000,-0.947404,-0.320039,13.500000,3.000000,89.000000,5.200000,0.000000,0.000000,0.000000,1.444444,0.000000,0.000000,0.000000,1.000000,0.000000,4.500000,0.000000,1.000000,0.000000,1.000000,0.000000,0.000000,0.000000,0.000000,0.000000
2025-09-12 03:00:00+00:00,2025-09-12 05:00:00+02:00,9,4,5,255,0.000000,-1.000000,-0.000000,-0.433884,-0.900969,0.965926,0.258819,-0.947404,-0.320039,13.100000,1.000000,90.000000,4.700000,0.000000,0.000000,0.000000,1.305556,0.000000,0.000000,0.000000,1.000000,0.000000,4.900000,0.000000,1.000000,0.000000,1.000000,0.000000,0.000000,0.000000,0.000000,0.000000
2025-09-12 04:00:00+00:00,2025-09-12 06:00:00+02:00,9,4,6,255,0.000000,-1.000000,-0.000000,-0.433884,-0.900969,1.000000,0.000000,-0.947404,-0.320039,12.600000,2.000000,91.000000,3.600000,0.000000,0.000000,0.000000,1.000000,0.000000,0.000000,0.000000,1.000000,0.000000,5.400000,0.000000,1.000000,0.000000,1.000000,0.000000,0.000000,0.000000,0.000000,0.000000
2025-09-12 05:00:00+00:00,2025-09-12 07:00:00+02:00,9,4,7,255,0.000000,-1.000000,-0.000000,-0.433884,-0.900969,0.965926,-0.258819,-0.947404,-0.320039,13.000000,6.000000,92.000000,2.900000,0.000000,0.000000,54.900000,0.805556,0.000000,0.000000,0.000000,1.000000,0.000000,5.000000,0.000000,0.000000,0.000000,1.000000,0.000000,0.000000,0.000000,0.000000,0.000000
2025-09-12 06:00:00+00:00,2025-09-12 08:00:00+02:00,9,4,8,255,0.000000,-1.000000,-0.000000,-0.433884,-0.900969,0.866025,-0.500000,-0.947404,-0.320039,14.700000,0.000000,88.000000,2.400000,0.000000,0.000000,180.500000,0.666667,0.000000,0.000000,0.000000,1.000000,0.000000,3.300000,0.000000,0.000000,0.000000,1.000000,0.000000,0.000000,0.000000,0.000000,0.000000
2025-09-12 07:00:00+00:00,2025-09-12 09:00:00+02:00,9,4,9,255,0.000000,-1.000000,-0.000000,-0.433884,-0.900969,0.707107,-0.707107,-0.947404,-0.320039,17.000000,19.000000,81.000000,1.500000,0.000000,0.000000,344.300000,0.416667,0.000000,0.000000,0.000000,1.000000,0.000000,1.000000,0.000000,0.000000,0.000000,1.000000,0.000000,0.000000,0.000000,0.000000,0.000000
2025-09-12 08:00:00+00:00,2025-09-12 10:00:00+02:00,9,4,10,255,0.000000,-1.000000,-0.000000,-0.433884,-0.900969,0.500000,-0.866025,-0.947404,-0.320039,18.900000,74.000000,69.000000,0.800000,0.000000,0.000000,464.600000,0.222222,0.000000,0.000000,0.000000,1.000000,0.000000,0.000000,0.000000,0.000000,0.000000,1.000000,0.000000,0.000000,0.000000,0.000000,0.000000
2025-09-12 09:00:00+00:00,2025-09-12 11:00:00+02:00,9,4,11,255,0.000000,-1.000000,-0.000000,-0.433884,-0.900969,0.258819,-0.965926,-0.947404,-0.320039,19.800000,97.000000,63.000000,2.200000,0.000000,0.000000,505.400000,0.611111,0.000000,0.000000,0.000000,1.000000,0.000000,0.000000,0.000000,0.000000,0.000000,1.000000,0.000000,0.000000,0.000000,0.000000,0.000000
2025-09-12 10:00:00+00:00,2025-09-12 12:00:00+02:00,9,4,12,255,0.000000,-1.000000,-0.000000,-0.433884,-0.900969,0.000000,-1.000000,-0.947404,-0.320039,20.100000,85.000000,62.000000,3.200000,0.000000,0.000000,372.900000,0.888889,0.000000,0.000000,0.000000,1.000000,0.000000,0.000000,0.000000,0.000000,0.000000,1.000000,0.000000,0.000000,0.000000,0.000000,0.000000
2025-09-12 11:00:00+00:00,2025-09-12 13:00:00+02:00,9,4,13,255,0.000000,-1.000000,-0.000000,-0.433884,-0.900969,-0.258819,-0.965926,-0.947404,-0.320039,20.300000,97.000000,63.000000,5.300000,0.000000,0.000000,293.000000,1.472222,0.000000,0.000000,0.000000,1.000000,0.000000,0.000000,0.000000,0.000000,0.000000,1.000000,0.000000,0.000000,0.000000,0.000000,0.000000
2025-09-12 12:00:00+00:00,2025-09-12 14:00:00+02:00,9,4,14,255,0.000000,-1.000000,-0.000000,-0.433884,-0.900969,-0.500000,-0.866025,-0.947404,-0.320039,19.600000,100.000000,66.000000,8.000000,0.000000,0.000000,224.600000,2.222222,0.000000,0.000000,0.000000,1.000000,0.000000,0.000000,0.000000,0.000000,0.000000,1.000000,0.000000,0.000000,0.000000,0.000000,0.000000
2025-09-12 13:00:00+00:00,2025-09-12 15:00:00+02:00,9,4,15,255,0.000000,-1.000000,-0.000000,-0.433884,-0.900969,-0.707107,-0.707107,-0.947404,-0.320039,21.100000,48.000000,55.000000,5.700000,0.000000,0.000000,524.200000,1.583333,0.000000,0.000000,0.000000,1.000000,0.000000,0.000000,0.000000,0.000000,0.000000,1.000000,0.000000,0.000000,0.000000,0.000000,0.000000
2025-09-12 14:00:00+00:00,2025-09-12 16:00:00+02:00,9,4,16,255,0.000000,-1.000000,-0.000000,-0.433884,-0.900969,-0.866025,-0.500000,-0.947404,-0.320039,21.200000,7.000000,56.000000,4.400000,0.000000,0.000000,378.000000,1.222222,0.000000,0.000000,0.000000,1.000000,0.000000,0.000000,0.000000,0.000000,0.000000,1.000000,0.000000,0.000000,0.000000,0.000000,0.000000
2025-09-12 15:00:00+00:00,2025-09-12 17:00:00+02:00,9,4,17,255,0.000000,-1.000000,-0.000000,-0.433884,-0.900969,-0.965926,-0.258819,-0.947404,-0.320039,21.000000,10.000000,58.000000,3.800000,0.000000,0.000000,269.700000,1.055556,0.000000,0.000000,0.000000,1.000000,0.000000,0.000000,0.000000,0.000000,0.000000,1.000000,0.000000,0.000000,0.000000,0.000000,0.000000
2025-09-12 16:00:00+00:00,2025-09-12 18:00:00+02:00,9,4,18,255,0.000000,-1.000000,-0.000000,-0.433884,-0.900969,-1.000000,-0.000000,-0.947404,-0.320039,20.400000,24.000000,67.000000,2.100000,0.000000,0.000000,118.700000,0.583333,0.000000,0.000000,0.000000,1.000000,0.000000,0.000000,0.000000,0.000000,0.000000,1.000000,0.000000,0.000000,0.000000,0.000000,0.000000
2025-09-12 17:00:00+00:00,2025-09-12 19:00:00+02:00,9,4,19,255,0.000000,-1.000000,-0.000000,-0.433884,-0.900969,-0.965926,0.258819,-0.947404,-0.320039,18.400000,63.000000,77.000000,4.800000,0.000000,0.000000,0.000000,1.333333,0.000000,0.000000,0.000000,1.000000,0.000000,0.000000,0.000000,1.000000,0.000000,1.000000,0.000000,0.000000,0.000000,0.000000,0.000000
2025-09-12 18:00:00+00:00,2025-09-12 20:00:00+02:00,9,4,20,255,0.000000,-1.000000,-0.000000,-0.433884,-0.900969,-0.866025,0.500000,-0.947404,-0.320039,17.800000,45.000000,79.000000,5.000000,0.000000,0.000000,0.000000,1.388889,0.000000,0.000000,0.000000,1.000000,0.000000,0.200000,0.000000,1.000000,0.000000,1.000000,0.000000,0.000000,0.000000,0.000000,0.000000
2025-09-12 19:00:00+00:00,2025-09-12 21:00:00+02:00,9,4,21,255,0.000000,-1.000000,-0.000000,-0.433884,-0.900969,-0.707107,0.707107,-0.947404,-0.320039,17.000000,63.000000,82.000000,7.400000,0.000000,0.000000,0.000000,2.055556,0.000000,0.000000,0.000000,1.000000,0.000000,1.000000,0.000000,1.000000,0.000000,1.000000,0.000000,0.000000,0.000000,0.000000,0.000000
2025-09-12 20:00:00+00:00,2025-09-12 22:00:00+02:00,9,4,22,255,0.000000,-1.000000,-0.000000,-0.433884,-0.900969,-0.500000,0.866025,-0.947404,-0.320039,15.900000,39.000000,88.000000,8.300000,0.000000,0.000000,0.000000,2.305556,0.000000,0.000000,0.000000,1.000000,0.000000,2.100000,0.000000,1.000000,0.000000,1.000000,0.000000,0.000000,0.000000,0.000000,0.000000
2025-09-12 21:00:00+00:00,2025-09-12 23:00:00+02:00,9,4,23,255,0.000000,-1.000000,-0.000000,-0.433884,-0.900969,-0.258819,0.965926,-0.947404,-0.320039,15.300000,35.000000,90.000000,5.800000,0.000000,0.000000,0.000000,1.611111,0.000000,0.000000,0.000000,1.000000,0.000000,2.700000,0.000000,1.000000,0.000000,1.000000,0.000000,0.000000,0.000000,0.000000,0.000000
2025-09-12 22:00:00+00:00,2025-09-13 00:00:00+02:00,9,5,0,256,1.000000,-1.000000,-0.000000,-0.974928,-0.222521,0.000000,1.000000,-0.952769,-0.303695,14.700000,49.000000,93.000000,4.900000,0.000000,0.000000,0.000000,1.361111,0.000000,0.000000,0.000000,0.000000,0.000000,3.300000,0.000000,1.000000,0.000000,0.000000,0.000000,1.000000,0.000000,0.000000,0.000000
2025-09-12 23:00:00+00:00,2025-09-13 01:00:00+02:00,9,5,1,256,1.000000,-1.000000,-0.000000,-0.974928,-0.222521,0.258819,0.965926,-0.952769,-0.303695,14.000000,62.000000,95.000000,3.800000,0.000000,0.000000,0.000000,1.055556,0.000000,0.000000,0.000000,0.000000,0.000000,4.000000,0.000000,1.000000,0.000000,0.000000,0.000000,1.000000,0.000000,0.000000,0.000000
2025-09-13 00:00:00+00:00,2025-09-13 02:00:00+02:00,9,5,2,256,1.000000,-1.000000,-0.000000,-0.974928,-0.222521,0.500000,0.866025,-0.952769,-0.303695,13.400000,89.000000,96.000000,3.200000,0.000000,0.000000,0.000000,0.888889,0.000000,0.000000,0.000000,0.000000,0.000000,4.600000,0.000000,1.000000,0.000000,0.000000,0.000000,1.000000,0.000000,0.000000,0.000000
2025-09-13 01:00:00+00:00,2025-09-13 03:00:00+02:00,9,5,3,256,1.000000,-1.000000,-0.000000,-0.974928,-0.222521,0.707107,0.707107,-0.952769,-0.303695,13.100000,97.000000,97.000000,2.600000,0.000000,0.000000,0.000000,0.722222,0.000000,0.000000,0.000000,0.000000,0.000000,4.900000,0.000000,1.000000,0.000000,0.000000,0.000000,1.000000,0.000000,0.000000,0.000000
2025-09-13 02:00:00+00:00,2025-09-13 04:00:00+02:00,9,5,4,256,1.000000,-1.000000,-0.000000,-0.974928,-0.222521,0.866025,0.500000,-0.952769,-0.303695,12.900000,100.000000,98.000000,3.500000,0.000000,0.000000,0.000000,0.972222,0.000000,0.000000,0.000000,0.000000,0.000000,5.100000,0.000000,1.000000,0.000000,0.000000,0.000000,1.000000,0.000000,0.000000,0.000000
2025-09-13 03:00:00+00:00,2025-09-13 05:00:00+02:00,9,5,5,256,1.000000,-1.000000,-0.000000,-0.974928,-0.222521,0.965926,0.258819,-0.952769,-0.303695,13.100000,100.000000,98.000000,3.800000,0.000000,0.000000,0.000000,1.055556,0.000000,0.000000,0.000000,0.000000,0.000000,4.900000,0.000000,1.000000,0.000000,0.000000,0.000000,1.000000,0.000000,0.000000,0.000000
2025-09-13 04:00:00+00:00,2025-09-13 06:00:00+02:00,9,5,6,256,1.000000,-1.000000,-0.000000,-0.974928,-0.222521,1.000000,0.000000,-0.952769,-0.303695,12.800000,100.000000,99.000000,2.600000,0.000000,0.000000,0.000000,0.722222,0.000000,0.000000,0.000000,0.000000,0.000000,5.200000,0.000000,1.000000,0.000000,0.000000,0.000000,1.000000,0.000000,0.000000,0.000000
2025-09-13 05:00:00+00:00,2025-09-13 07:00:00+02:00,9,5,7,256,1.000000,-1.000000,-0.000000,-0.974928,-0.222521,0.965926,-0.258819,-0.952769,-0.303695,13.500000,100.000000,100.000000,6.200000,0.000000,0.000000,31.700000,1.722222,0.000000,0.000000,0.000000,0.000000,0.000000,4.500000,0.000000,0.000000,0.000000,0.000000,0.000000,1.000000,0.000000,0.000000,0.000000
2025-09-13 06:00:00+00:00,2025-09-13 08:00:00+02:00,9,5,8,256,1.000000,-1.000000,-0.000000,-0.974928,-0.222521,0.866025,-0.500000,-0.952769,-0.303695,14.400000,100.000000,97.000000,6.000000,0.000000,0.000000,103.000000,1.666667,0.000000,0.000000,0.000000,0.000000,0.000000,3.600000,0.000000,0.000000,0.000000,0.000000,0.000000,1.000000,0.000000,0.000000,0.000000
2025-09-13 07:00:00+00:00,2025-09-13 09:00:00+02:00,9,5,9,256,1.000000,-1.000000,-0.000000,-0.974928,-0.222521,0.707107,-0.707107,-0.952769,-0.303695,16.000000,100.000000,91.000000,5.200000,0.000000,0.000000,204.600000,1.444444,0.000000,0.000000,0.000000,0.000000,0.000000,2.000000,0.000000,0.000000,0.000000,0.000000,0.000000,1.000000,0.000000,0.000000,0.000000
2025-09-13 08:00:00+00:00,2025-09-13 10:00:00+02:00,9,5,10,256,1.000000,-1.000000,-0.000000,-0.974928,-0.222521,0.500000,-0.866025,-0.952769,-0.303695,17.400000,98.000000,87.000000,2.900000,0.000000,0.000000,303.200000,0.805556,0.000000,0.000000,0.000000,0.000000,0.000000,0.600000,0.000000,0.000000,0.000000,0.000000,0.000000,1.000000,0.000000,0.000000,0.000000
2025-09-13 09:00:00+00:00,2025-09-13 11:00:00+02:00,9,5,11,256,1.000000,-1.000000,-0.000000,-0.974928,-0.222521,0.258819,-0.965926,-0.952769,-0.303695,18.800000,91.000000,81.000000,3.900000,0.000000,0.000000,434.900000,1.083333,0.000000,0.000000,0.000000,0.000000,0.000000,0.000000,0.000000,0.000000,0.000000,0.000000,0.000000,1.000000,0.000000,0.000000,0.000000
2025-09-13 10:00:00+00:00,2025-09-13 12:00:00+02:00,9,5,12,256,1.000000,-1.000000,-0.000000,-0.974928,-0.222521,0.000000,-1.000000,-0.952769,-0.303695,19.400000,100.000000,81.000000,3.400000,0.700000,0.000000,342.900000,0.944444,0.000000,0.000000,0.000000,0.000000,0.000000,0.000000,0.000000,0.000000,0.000000,0.000000,0.000000,1.000000,0.000000,0.000000,0.000000
2025-09-13 11:00:00+00:00,2025-09-13 13:00:00+02:00,9,5,13,256,1.000000,-1.000000,-0.000000,-0.974928,-0.222521,-0.258819,-0.965926,-0.952769,-0.303695,18.900000,100.000000,84.000000,2.200000,0.100000,0.000000,142.000000,0.611111,0.000000,0.000000,0.000000,0.000000,0.000000,0.000000,0.000000,0.000000,0.000000,0.000000,0.000000,1.000000,0.000000,0.000000,0.000000
2025-09-13 12:00:00+00:00,2025-09-13 14:00:00+02:00,9,5,14,256,1.000000,-1.000000,-0.000000,-0.974928,-0.222521,-0.500000,-0.866025,-0.952769,-0.303695,19.300000,71.000000,83.000000,3.100000,0.000000,0.000000,211.000000,0.861111,0.000000,0.000000,0.000000,0.000000,0.000000,0.000000,0.000000,0.000000,0.000000,0.000000,0.000000,1.000000,0.000000,0.000000,0.000000
2025-09-13 13:00:00+00:00,2025-09-13 15:00:00+02:00,9,5,15,256,1.000000,-1.000000,-0.000000,-0.974928,-0.222521,-0.707107,-0.707107,-0.952769,-0.303695,21.300000,100.000000,74.000000,5.000000,0.000000,0.000000,485.500000,1.388889,0.000000,0.000000,0.000000,0.000000,0.000000,0.000000,0.000000,0.000000,0.000000,0.000000,0.000000,1.000000,0.000000,0.000000,0.000000
2025-09-13 14:00:00+00:00,2025-09-13 16:00:00+02:00,9,5,16,256,1.000000,-1.000000,-0.000000,-0.974928,-0.222521,-0.866025,-0.500000,-0.952769,-0.303695,18.800000,100.000000,82.000000,11.200000,2.000000,0.000000,283.500000,3.111111,0.000000,0.000000,0.000000,0.000000,0.000000,0.000000,0.000000,0.000000,0.000000,0.000000,0.000000,1.000000,0.000000,0.000000,0.000000
2025-09-13 15:00:00+00:00,2025-09-13 17:00:00+02:00,9,5,17,256,1.000000,-1.000000,-0.000000,-0.974928,-0.222521,-0.965926,-0.258819,-0.952769,-0.303695,17.600000,100.000000,91.000000,5.400000,0.600000,0.000000,43.200000,1.500000,0.000000,0.000000,0.000000,0.000000,0.000000,0.400000,0.000000,0.000000,0.000000,0.000000,0.000000,1.000000,0.000000,0.000000,0.000000
2025-09-13 16:00:00+00:00,2025-09-13 18:00:00+02:00,9,5,18,256,1.000000,-1.000000,-0.000000,-0.974928,-0.222521,-1.000000,-0.000000,-0.952769,-0.303695,17.600000,77.000000,90.000000,5.600000,0.000000,0.000000,70.200000,1.555556,0.000000,0.000000,0.000000,0.000000,0.000000,0.400000,0.000000,0.000000,0.000000,0.000000,0.000000,1.000000,0.000000,0.000000,0.000000
2025-09-13 17:00:00+00:00,2025-09-13 19:00:00+02:00,9,5,19,256,1.000000,-1.000000,-0.000000,-0.974928,-0.222521,-0.965926,0.258819,-0.952769,-0.303695,16.700000,67.000000,94.000000,4.600000,0.000000,0.000000,0.000000,1.277778,0.000000,0.000000,0.000000,0.000000,0.000000,1.300000,0.000000,1.000000,0.000000,0.000000,0.000000,1.000000,0.000000,0.000000,0.000000
2025-09-13 18:00:00+00:00,2025-09-13 20:00:00+02:00,9,5,20,256,1.000000,-1.000000,-0.000000,-0.974928,-0.222521,-0.866025,0.500000,-0.952769,-0.303695,16.600000,82.000000,95.000000,5.400000,0.000000,0.000000,0.000000,1.500000,0.000000,0.000000,0.000000,0.000000,0.000000,1.400000,0.000000,1.000000,0.000000,0.000000,0.000000,1.000000,0.000000,0.000000,0.000000
2025-09-13 19:00:00+00:00,2025-09-13 21:00:00+02:00,9,5,21,256,1.000000,-1.000000,-0.000000,-0.974928,-0.222521,-0.707107,0.707107,-0.952769,-0.303695,16.200000,96.000000,95.000000,4.800000,0.000000,0.000000,0.000000,1.333333,0.000000,0.000000,0.000000,0.000000,0.000000,1.800000,0.000000,1.000000,0.000000,0.000000,0.000000,1.000000,0.000000,0.000000,0.000000
2025-09-13 20:00:00+00:00,2025-09-13 22:00:00+02:00,9,5,22,256,1.000000,-1.000000,-0.000000,-0.974928,-0.222521,-0.500000,0.866025,-0.952769,-0.303695,15.500000,90.000000,95.000000,4.000000,0.000000,0.000000,0.000000,1.111111,0.000000,0.000000,0.000000,0.000000,0.000000,2.500000,0.000000,1.000000,0.000000,0.000000,0.000000,1.000000,0.000000,0.000000,0.000000
2025-09-13 21:00:00+00:00,2025-09-13 23:00:00+02:00,9,5,23,256,1.000000,-1.000000,-0.000000,-0.974928,-0.222521,-0.258819,0.965926,-0.952769,-0.303695,15.300000,100.000000,96.000000,2.200000,0.000000,0.000000,0.000000,0.611111,0.000000,0.000000,0.000000,0.000000,0.000000,2.700000,0.000000,1.000000,0.000000,0.000000,0.000000,1.000000,0.000000,0.000000,0.000000
2025-09-13 22:00:00+00:00,2025-09-14 00:00:00+02:00,9,6,0,257,1.000000,-1.000000,-0.000000,-0.781831,0.623490,0.000000,1.000000,-0.957852,-0.287261,15.100000,100.000000,97.000000,0.900000,0.000000,0.000000,0.000000,0.250000,0.000000,0.000000,0.000000,0.000000,0.000000,2.900000,0.000000,1.000000,0.000000,0.000000,0.000000,1.000000,0.000000,0.000000,0.000000
2025-09-13 23:00:00+00:00,2025-09-14 01:00:00+02:00,9,6,1,257,1.000000,-1.000000,-0.000000,-0.781831,0.623490,0.258819,0.965926,-0.957852,-0.287261,14.800000,100.000000,98.000000,2.000000,0.000000,0.000000,0.000000,0.555556,0.000000,0.000000,0.000000,0.000000,0.000000,3.200000,0.000000,1.000000,0.000000,0.000000,0.000000,1.000000,0.000000,0.000000,0.000000
2025-09-14 00:00:00+00:00,2025-09-14 02:00:00+02:00,9,6,2,257,1.000000,-1.000000,-0.000000,-0.781831,0.623490,0.500000,0.866025,-0.957852,-0.287261,15.200000,100.000000,98.000000,4.400000,0.700000,0.000000,0.000000,1.222222,0.000000,0.000000,0.000000,0.000000,0.000000,2.800000,0.000000,1.000000,0.000000,0.000000,0.000000,1.000000,0.000000,0.000000,0.000000
2025-09-14 01:00:00+00:00,2025-09-14 03:00:00+02:00,9,6,3,257,1.000000,-1.000000,-0.000000,-0.781831,0.623490,0.707107,0.707107,-0.957852,-0.287261,15.400000,100.000000,95.000000,5.300000,1.100000,0.000000,0.000000,1.472222,0.000000,0.000000,0.000000,0.000000,0.000000,2.600000,0.000000,1.000000,0.000000,0.000000,0.000000,1.000000,0.000000,0.000000,0.000000
2025-09-14 02:00:00+00:00,2025-09-14 04:00:00+02:00,9,6,4,257,1.000000,-1.000000,-0.000000,-0.781831,0.623490,0.866025,0.500000,-0.957852,-0.287261,15.200000,100.000000,97.000000,5.900000,0.400000,0.000000,0.000000,1.638889,0.000000,0.000000,0.000000,0.000000,0.000000,2.800000,0.000000,1.000000,0.000000,0.000000,0.000000,1.000000,0.000000,0.000000,0.000000
2025-09-14 03:00:00+00:00,2025-09-14 05:00:00+02:00,9,6,5,257,1.000000,-1.000000,-0.000000,-0.781831,0.623490,0.965926,0.258819,-0.957852,-0.287261,15.000000,100.000000,97.000000,5.600000,0.400000,0.000000,0.000000,1.555556,0.000000,0.000000,0.000000,0.000000,0.000000,3.000000,0.000000,1.000000,0.000000,0.000000,0.000000,1.000000,0.000000,0.000000,0.000000
2025-09-14 04:00:00+00:00,2025-09-14 06:00:00+02:00,9,6,6,257,1.000000,-1.000000,-0.000000,-0.781831,0.623490,1.000000,0.000000,-0.957852,-0.287261,14.900000,100.000000,97.000000,4.700000,0.700000,0.000000,0.000000,1.305556,0.000000,0.000000,0.000000,0.000000,0.000000,3.100000,0.000000,1.000000,0.000000,0.000000,0.000000,1.000000,0.000000,0.000000,0.000000
2025-09-14 05:00:00+00:00,2025-09-14 07:00:00+02:00,9,6,7,257,1.000000,-1.000000,-0.000000,-0.781831,0.623490,0.965926,-0.258819,-0.957852,-0.287261,14.600000,100.000000,97.000000,4.900000,0.800000,0.000000,13.200000,1.361111,0.000000,0.000000,0.000000,0.000000,0.000000,3.400000,0.000000,1.000000,0.000000,0.000000,0.000000,1.000000,0.000000,0.000000,0.000000
2025-09-14 06:00:00+00:00,2025-09-14 08:00:00+02:00,9,6,8,257,1.000000,-1.000000,-0.000000,-0.781831,0.623490,0.866025,-0.500000,-0.957852,-0.287261,14.800000,100.000000,96.000000,7.100000,2.200000,0.000000,30.200000,1.972222,0.000000,0.000000,0.000000,0.000000,0.000000,3.200000,0.000000,0.000000,0.000000,0.000000,0.000000,1.000000,0.000000,0.000000,0.000000
2025-09-14 07:00:00+00:00,2025-09-14 09:00:00+02:00,9,6,9,257,1.000000,-1.000000,-0.000000,-0.781831,0.623490,0.707107,-0.707107,-0.957852,-0.287261,15.000000,100.000000,97.000000,4.600000,1.700000,0.000000,29.100000,1.277778,0.000000,0.000000,0.000000,0.000000,0.000000,3.000000,0.000000,0.000000,0.000000,0.000000,0.000000,1.000000,0.000000,0.000000,0.000000
2025-09-14 08:00:00+00:00,2025-09-14 10:00:00+02:00,9,6,10,257,1.000000,-1.000000,-0.000000,-0.781831,0.623490,0.500000,-0.866025,-0.957852,-0.287261,15.400000,100.000000,98.000000,6.500000,2.600000,0.000000,59.600000,1.805556,0.000000,0.000000,0.000000,0.000000,0.000000,2.600000,0.000000,0.000000,0.000000,0.000000,0.000000,1.000000,0.000000,0.000000,0.000000
2025-09-14 09:00:00+00:00,2025-09-14 11:00:00+02:00,9,6,11,257,1.000000,-1.000000,-0.000000,-0.781831,0.623490,0.258819,-0.965926,-0.957852,-0.287261,16.000000,100.000000,98.000000,6.300000,2.200000,0.000000,97.500000,1.750000,0.000000,0.000000,0.000000,0.000000,0.000000,2.000000,0.000000,0.000000,0.000000,0.000000,0.000000,1.000000,0.000000,0.000000,0.000000
2025-09-14 10:00:00+00:00,2025-09-14 12:00:00+02:00,9,6,12,257,1.000000,-1.000000,-0.000000,-0.781831,0.623490,0.000000,-1.000000,-0.957852,-0.287261,16.300000,100.000000,97.000000,6.400000,1.700000,0.000000,95.000000,1.777778,0.000000,0.000000,0.000000,0.000000,0.000000,1.700000,0.000000,0.000000,0.000000,0.000000,0.000000,1.000000,0.000000,0.000000,0.000000
2025-09-14 11:00:00+00:00,2025-09-14 13:00:00+02:00,9,6,13,257,1.000000,-1.000000,-0.000000,-0.781831,0.623490,-0.258819,-0.965926,-0.957852,-0.287261,16.500000,100.000000,95.000000,7.400000,0.700000,0.000000,136.000000,2.055556,0.000000,0.000000,0.000000,0.000000,0.000000,1.500000,0.000000,0.000000,0.000000,0.000000,0.000000,1.000000,0.000000,0.000000,0.000000
2025-09-14 12:00:00+00:00,2025-09-14 14:00:00+02:00,9,6,14,257,1.000000,-1.000000,-0.000000,-0.781831,0.623490,-0.500000,-0.866025,-0.957852,-0.287261,16.500000,100.000000,94.000000,8.100000,1.000000,0.000000,153.800000,2.250000,0.000000,0.000000,0.000000,0.000000,0.000000,1.500000,0.000000,0.000000,0.000000,0.000000,0.000000,1.000000,0.000000,0.000000,0.000000
2025-09-14 13:00:00+00:00,2025-09-14 15:00:00+02:00,9,6,15,257,1.000000,-1.000000,-0.000000,-0.781831,0.623490,-0.707107,-0.707107,-0.957852,-0.287261,15.900000,100.000000,92.000000,10.000000,1.200000,0.000000,87.500000,2.777778,0.000000,0.000000,0.000000,0.000000,0.000000,2.100000,0.000000,0.000000,0.000000,0.000000,0.000000,1.000000,0.000000,0.000000,0.000000
2025-09-14 14:00:00+00:00,2025-09-14 16:00:00+02:00,9,6,16,257,1.000000,-1.000000,-0.000000,-0.781831,0.623490,-0.866025,-0.500000,-0.957852,-0.287261,16.400000,100.000000,90.000000,10.800000,0.100000,0.000000,188.400000,3.000000,0.000000,0.000000,0.000000,0.000000,0.000000,1.600000,0.000000,0.000000,0.000000,0.000000,0.000000,1.000000,0.000000,0.000000,0.000000
2025-09-14 15:00:00+00:00,2025-09-14 17:00:00+02:00,9,6,17,257,1.000000,-1.000000,-0.000000,-0.781831,0.623490,-0.965926,-0.258819,-0.957852,-0.287261,17.000000,67.000000,79.000000,12.500000,0.000000,0.000000,183.300000,3.472222,0.000000,0.000000,0.000000,0.000000,0.000000,1.000000,0.000000,0.000000,0.000000,0.000000,0.000000,1.000000,0.000000,0.000000,0.000000
2025-09-14 16:00:00+00:00,2025-09-14 18:00:00+02:00,9,6,18,257,1.000000,-1.000000,-0.000000,-0.781831,0.623490,-1.000000,-0.000000,-0.957852,-0.287261,16.700000,94.000000,81.000000,8.300000,0.000000,0.000000,86.200000,2.305556,0.000000,0.000000,0.000000,0.000000,0.000000,1.300000,0.000000,0.000000,0.000000,0.000000,0.000000,1.000000,0.000000,0.000000,0.000000
2025-09-14 17:00:00+00:00,2025-09-14 19:00:00+02:00,9,6,19,257,1.000000,-1.000000,-0.000000,-0.781831,0.623490,-0.965926,0.258819,-0.957852,-0.287261,15.800000,100.000000,85.000000,7.000000,0.000000,0.000000,0.000000,1.944444,0.000000,0.000000,0.000000,0.000000,0.000000,2.200000,0.000000,1.000000,0.000000,0.000000,0.000000,1.000000,0.000000,0.000000,0.000000
2025-09-14 18:00:00+00:00,2025-09-14 20:00:00+02:00,9,6,20,257,1.000000,-1.000000,-0.000000,-0.781831,0.623490,-0.866025,0.500000,-0.957852,-0.287261,14.300000,99.000000,90.000000,10.900000,0.800000,0.000000,0.000000,3.027778,0.000000,0.000000,0.000000,0.000000,0.000000,3.700000,0.000000,1.000000,0.000000,0.000000,0.000000,1.000000,0.000000,0.000000,0.000000
2025-09-14 19:00:00+00:00,2025-09-14 21:00:00+02:00,9,6,21,257,1.000000,-1.000000,-0.000000,-0.781831,0.623490,-0.707107,0.707107,-0.957852,-0.287261,13.500000,92.000000,96.000000,11.900000,1.900000,0.000000,0.000000,3.305556,0.000000,0.000000,0.000000,0.000000,0.000000,4.500000,0.000000,1.000000,0.000000,0.000000,0.000000,1.000000,0.000000,0.000000,0.000000
2025-09-14 20:00:00+00:00,2025-09-14 22:00:00+02:00,9,6,22,257,1.000000,-1.000000,-0.000000,-0.781831,0.623490,-0.500000,0.866025,-0.957852,-0.287261,13.400000,33.000000,97.000000,10.800000,0.100000,0.000000,0.000000,3.000000,0.000000,0.000000,0.000000,0.000000,0.000000,4.600000,0.000000,1.000000,0.000000,0.000000,0.000000,1.000000,0.000000,0.000000,0.000000
2025-09-14 21:00:00+00:00,2025-09-14 23:00:00+02:00,9,6,23,257,1.000000,-1.000000,-0.000000,-0.781831,0.623490,-0.258819,0.965926,-0.957852,-0.287261,13.000000,23.000000,96.000000,11.400000,0.000000,0.000000,0.000000,3.166667,0.000000,0.000000,0.000000,0.000000,0.000000,5.000000,0.000000,1.000000,0.000000,0.000000,0.000000,1.000000,0.000000,0.000000,0.000000
2025-09-14 22:00:00+00:00,2025-09-15 00:00:00+02:00,9,0,0,258,0.000000,-1.000000,-0.000000,0.000000,1.000000,0.000000,1.000000,-0.962652,-0.270742,12.500000,23.000000,96.000000,9.600000,0.000000,0.000000,0.000000,2.666667,0.000000,0.000000,0.000000,1.000000,1.000000,5.500000,0.000000,1.000000,0.000000,0.000000,1.000000,0.000000,0.000000,0.000000,0.000000
2025-09-14 23:00:00+00:00,2025-09-15 01:00:00+02:00,9,0,1,258,0.000000,-1.000000,-0.000000,0.000000,1.000000,0.258819,0.965926,-0.962652,-0.270742,12.200000,74.000000,96.000000,9.400000,0.000000,0.000000,0.000000,2.611111,0.000000,0.000000,0.000000,1.000000,1.000000,5.800000,0.000000,1.000000,0.000000,0.000000,1.000000,0.000000,0.000000,0.000000,0.000000
2025-09-15 00:00:00+00:00,2025-09-15 02:00:00+02:00,9,0,2,258,0.000000,-1.000000,-0.000000,0.000000,1.000000,0.500000,0.866025,-0.962652,-0.270742,12.000000,63.000000,95.000000,9.900000,0.100000,0.000000,0.000000,2.750000,0.000000,0.000000,0.000000,1.000000,1.000000,6.000000,0.000000,1.000000,0.000000,0.000000,1.000000,0.000000,0.000000,0.000000,0.000000
2025-09-15 01:00:00+00:00,2025-09-15 03:00:00+02:00,9,0,3,258,0.000000,-1.000000,-0.000000,0.000000,1.000000,0.707107,0.707107,-0.962652,-0.270742,11.700000,41.000000,98.000000,8.800000,0.000000,0.000000,0.000000,2.444444,0.000000,0.000000,0.000000,1.000000,1.000000,6.300000,0.000000,1.000000,0.000000,0.000000,1.000000,0.000000,0.000000,0.000000,0.000000
2025-09-15 02:00:00+00:00,2025-09-15 04:00:00+02:00,9,0,4,258,0.000000,-1.000000,-0.000000,0.000000,1.000000,0.866025,0.500000,-0.962652,-0.270742,11.500000,15.000000,97.000000,8.500000,0.000000,0.000000,0.000000,2.361111,0.000000,0.000000,0.000000,1.000000,1.000000,6.500000,0.000000,1.000000,0.000000,0.000000,1.000000,0.000000,0.000000,0.000000,0.000000
2025-09-15 03:00:00+00:00,2025-09-15 05:00:00+02:00,9,0,5,258,0.000000,-1.000000,-0.000000,0.000000,1.000000,0.965926,0.258819,-0.962652,-0.270742,11.200000,87.000000,97.000000,8.400000,0.000000,0.000000,0.000000,2.333333,0.000000,0.000000,0.000000,1.000000,1.000000,6.800000,0.000000,1.000000,0.000000,0.000000,1.000000,0.000000,0.000000,0.000000,0.000000
2025-09-15 04:00:00+00:00,2025-09-15 06:00:00+02:00,9,0,6,258,0.000000,-1.000000,-0.000000,0.000000,1.000000,1.000000,0.000000,-0.962652,-0.270742,10.700000,35.000000,98.000000,7.200000,0.000000,0.000000,0.000000,2.000000,0.000000,0.000000,0.000000,1.000000,1.000000,7.300000,0.000000,1.000000,0.000000,0.000000,1.000000,0.000000,0.000000,0.000000,0.000000
2025-09-15 05:00:00+00:00,2025-09-15 07:00:00+02:00,9,0,7,258,0.000000,-1.000000,-0.000000,0.000000,1.000000,0.965926,-0.258819,-0.962652,-0.270742,10.800000,11.000000,98.000000,9.700000,0.000000,0.000000,44.800000,2.694444,0.000000,0.000000,0.000000,1.000000,1.000000,7.200000,0.000000,0.000000,0.000000,0.000000,1.000000,0.000000,0.000000,0.000000,0.000000
2025-09-15 06:00:00+00:00,2025-09-15 08:00:00+02:00,9,0,8,258,0.000000,-1.000000,-0.000000,0.000000,1.000000,0.866025,-0.500000,-0.962652,-0.270742,12.000000,3.000000,94.000000,8.700000,0.000000,0.000000,176.900000,2.416667,0.000000,0.000000,0.000000,1.000000,1.000000,6.000000,0.000000,0.000000,0.000000,0.000000,1.000000,0.000000,0.000000,0.000000,0.000000
2025-09-15 07:00:00+00:00,2025-09-15 09:00:00+02:00,9,0,9,258,0.000000,-1.000000,-0.000000,0.000000,1.000000,0.707107,-0.707107,-0.962652,-0.270742,13.500000,39.000000,88.000000,10.400000,0.000000,0.000000,337.900000,2.888889,0.000000,0.000000,0.000000,1.000000,1.000000,4.500000,0.000000,0.000000,0.000000,0.000000,1.000000,0.000000,0.000000,0.000000,0.000000
2025-09-15 08:00:00+00:00,2025-09-15 10:00:00+02:00,9,0,10,258,0.000000,-1.000000,-0.000000,0.000000,1.000000,0.500000,-0.866025,-0.962652,-0.270742,15.100000,2.000000,77.000000,11.000000,0.000000,0.000000,396.000000,3.055556,0.000000,0.000000,0.000000,1.000000,1.000000,2.900000,0.000000,0.000000,0.000000,0.000000,1.000000,0.000000,0.000000,0.000000,0.000000
2025-09-15 09:00:00+00:00,2025-09-15 11:00:00+02:00,9,0,11,258,0.000000,-1.000000,-0.000000,0.000000,1.000000,0.258819,-0.965926,-0.962652,-0.270742,17.200000,22.000000,64.000000,11.600000,0.000000,0.000000,586.300000,3.222222,0.000000,0.000000,0.000000,1.000000,1.000000,0.800000,0.000000,0.000000,0.000000,0.000000,1.000000,0.000000,0.000000,0.000000,0.000000
2025-09-15 10:00:00+00:00,2025-09-15 12:00:00+02:00,9,0,12,258,0.000000,-1.000000,-0.000000,0.000000,1.000000,0.000000,-1.000000,-0.962652,-0.270742,18.900000,58.000000,59.000000,11.900000,0.000000,0.000000,640.500000,3.305556,0.000000,0.000000,0.000000,1.000000,1.000000,0.000000,0.000000,0.000000,0.000000,0.000000,1.000000,0.000000,0.000000,0.000000,0.000000
2025-09-15 11:00:00+00:00,2025-09-15 13:00:00+02:00,9,0,13,258,0.000000,-1.000000,-0.000000,0.000000,1.000000,-0.258819,-0.965926,-0.962652,-0.270742,20.100000,97.000000,57.000000,13.400000,0.000000,0.000000,611.700000,3.722222,0.000000,0.000000,0.000000,1.000000,1.000000,0.000000,0.000000,0.000000,0.000000,0.000000,1.000000,0.000000,0.000000,0.000000,0.000000
2025-09-15 12:00:00+00:00,2025-09-15 14:00:00+02:00,9,0,14,258,0.000000,-1.000000,-0.000000,0.000000,1.000000,-0.500000,-0.866025,-0.962652,-0.270742,20.900000,97.000000,56.000000,15.400000,0.000000,0.000000,557.800000,4.277778,0.000000,0.000000,0.000000,1.000000,1.000000,0.000000,0.000000,0.000000,0.000000,0.000000,1.000000,0.000000,0.000000,0.000000,0.000000
2025-09-15 13:00:00+00:00,2025-09-15 15:00:00+02:00,9,0,15,258,0.000000,-1.000000,-0.000000,0.000000,1.000000,-0.707107,-0.707107,-0.962652,-0.270742,20.500000,32.000000,60.000000,18.200000,0.000000,0.000000,470.700000,5.055556,0.000000,0.000000,0.000000,1.000000,1.000000,0.000000,0.000000,0.000000,0.000000,0.000000,1.000000,0.000000,0.000000,0.000000,0.000000
2025-09-15 14:00:00+00:00,2025-09-15 16:00:00+02:00,9,0,16,258,0.000000,-1.000000,-0.000000,0.000000,1.000000,-0.866025,-0.500000,-0.962652,-0.270742,21.200000,50.000000,60.000000,21.100000,0.000000,0.000000,385.800000,5.861111,0.000000,0.000000,0.000000,1.000000,1.000000,0.000000,0.000000,0.000000,0.000000,0.000000,1.000000,0.000000,0.000000,0.000000,0.000000
2025-09-15 15:00:00+00:00,2025-09-15 17:00:00+02:00,9,0,17,258,0.000000,-1.000000,-0.000000,0.000000,1.000000,-0.965926,-0.258819,-0.962652,-0.270742,20.900000,48.000000,65.000000,17.100000,0.000000,0.000000,196.400000,4.750000,0.000000,0.000000,0.000000,1.000000,1.000000,0.000000,0.000000,0.000000,0.000000,0.000000,1.000000,0.000000,0.000000,0.000000,0.000000
2025-09-15 16:00:00+00:00,2025-09-15 18:00:00+02:00,9,0,18,258,0.000000,-1.000000,-0.000000,0.000000,1.000000,-1.000000,-0.000000,-0.962652,-0.270742,19.500000,95.000000,72.000000,14.900000,0.000000,0.000000,83.000000,4.138889,0.000000,0.000000,0.000000,1.000000,1.000000,0.000000,0.000000,0.000000,0.000000,0.000000,1.000000,0.000000,0.000000,0.000000,0.000000
2025-09-15 17:00:00+00:00,2025-09-15 19:00:00+02:00,9,0,19,258,0.000000,-1.000000,-0.000000,0.000000,1.000000,-0.965926,0.258819,-0.962652,-0.270742,18.700000,100.000000,77.000000,16.000000,0.000000,0.000000,0.000000,4.444444,0.000000,0.000000,0.000000,1.000000,1.000000,0.000000,0.000000,1.000000,0.000000,0.000000,1.000000,0.000000,0.000000,0.000000,0.000000
2025-09-15 18:00:00+00:00,2025-09-15 20:00:00+02:00,9,0,20,258,0.000000,-1.000000,-0.000000,0.000000,1.000000,-0.866025,0.500000,-0.962652,-0.270742,18.400000,93.000000,79.000000,16.600000,0.000000,0.000000,0.000000,4.611111,0.000000,0.000000,0.000000,1.000000,1.000000,0.000000,0.000000,1.000000,0.000000,0.000000,1.000000,0.000000,0.000000,0.000000,0.000000
2025-09-15 19:00:00+00:00,2025-09-15 21:00:00+02:00,9,0,21,258,0.000000,-1.000000,-0.000000,0.000000,1.000000,-0.707107,0.707107,-0.962652,-0.270742,17.900000,99.000000,83.000000,11.400000,0.200000,0.000000,0.000000,3.166667,0.000000,0.000000,0.000000,1.000000,1.000000,0.100000,0.000000,1.000000,0.000000,0.000000,1.000000,0.000000,0.000000,0.000000,0.000000
2025-09-15 20:00:00+00:00,2025-09-15 22:00:00+02:00,9,0,22,258,0.000000,-1.000000,-0.000000,0.000000,1.000000,-0.500000,0.866025,-0.962652,-0.270742,17.900000,23.000000,82.000000,13.000000,0.000000,0.000000,0.000000,3.611111,0.000000,0.000000,0.000000,1.000000,1.000000,0.100000,0.000000,1.000000,0.000000,0.000000,1.000000,0.000000,0.000000,0.000000,0.000000
2025-09-15 21:00:00+00:00,2025-09-15 23:00:00+02:00,9,0,23,258,0.000000,-1.000000,-0.000000,0.000000,1.000000,-0.258819,0.965926,-0.962652,-0.270742,17.800000,2.000000,82.000000,14.000000,0.000000,0.000000,0.000000,3.888889,0.000000,0.000000,0.000000,1.000000,1.000000,0.200000,0.000000,1.000000,0.000000,0.000000,1.000000,0.000000,0.000000,0.000000,0.000000
2025-09-15 22:00:00+00:00,2025-09-16 00:00:00+02:00,9,1,0,259,0.000000,-1.000000,-0.000000,0.781831,0.623490,0.000000,1.000000,-0.967167,-0.254143,17.600000,3.000000,84.000000,15.300000,0.000000,0.000000,0.000000,4.250000,0.000000,0.000000,0.000000,1.000000,0.000000,0.400000,0.000000,1.000000,0.000000,0.000000,1.000000,0.000000,0.000000,0.000000,0.000000
2025-09-15 23:00:00+00:00,2025-09-16 01:00:00+02:00,9,1,1,259,0.000000,-1.000000,-0.000000,0.781831,0.623490,0.258819,0.965926,-0.967167,-0.254143,17.400000,4.000000,87.000000,14.800000,0.000000,0.000000,0.000000,4.111111,0.000000,0.000000,0.000000,1.000000,0.000000,0.600000,0.000000,1.000000,0.000000,0.000000,1.000000,0.000000,0.000000,0.000000,0.000000
2025-09-16 00:00:00+00:00,2025-09-16 02:00:00+02:00,9,1,2,259,0.000000,-1.000000,-0.000000,0.781831,0.623490,0.500000,0.866025,-0.967167,-0.254143,17.100000,100.000000,89.000000,12.200000,0.000000,0.000000,0.000000,3.388889,0.000000,0.000000,0.000000,1.000000,0.000000,0.900000,0.000000,1.000000,0.000000,0.000000,1.000000,0.000000,0.000000,0.000000,0.000000
2025-09-16 01:00:00+00:00,2025-09-16 03:00:00+02:00,9,1,3,259,0.000000,-1.000000,-0.000000,0.781831,0.623490,0.707107,0.707107,-0.967167,-0.254143,16.400000,96.000000,89.000000,13.400000,1.700000,0.000000,0.000000,3.722222,0.000000,0.000000,0.000000,1.000000,0.000000,1.600000,0.000000,1.000000,0.000000,0.000000,1.000000,0.000000,0.000000,0.000000,0.000000
2025-09-16 02:00:00+00:00,2025-09-16 04:00:00+02:00,9,1,4,259,0.000000,-1.000000,-0.000000,0.781831,0.623490,0.866025,0.500000,-0.967167,-0.254143,15.800000,100.000000,93.000000,13.500000,0.400000,0.000000,0.000000,3.750000,0.000000,0.000000,0.000000,1.000000,0.000000,2.200000,0.000000,1.000000,0.000000,0.000000,1.000000,0.000000,0.000000,0.000000,0.000000
2025-09-16 03:00:00+00:00,2025-09-16 05:00:00+02:00,9,1,5,259,0.000000,-1.000000,-0.000000,0.781831,0.623490,0.965926,0.258819,-0.967167,-0.254143,15.700000,100.000000,96.000000,14.300000,3.700000,0.000000,0.000000,3.972222,0.000000,0.000000,0.000000,1.000000,0.000000,2.300000,0.000000,1.000000,0.000000,0.000000,1.000000,0.000000,0.000000,0.000000,0.000000
2025-09-16 04:00:00+00:00,2025-09-16 06:00:00+02:00,9,1,6,259,0.000000,-1.000000,-0.000000,0.781831,0.623490,1.000000,0.000000,-0.967167,-0.254143,15.900000,100.000000,95.000000,17.900000,0.300000,0.000000,0.000000,4.972222,0.000000,0.000000,0.000000,1.000000,0.000000,2.100000,0.000000,1.000000,0.000000,0.000000,1.000000,0.000000,0.000000,0.000000,0.000000
2025-09-16 05:00:00+00:00,2025-09-16 07:00:00+02:00,9,1,7,259,0.000000,-1.000000,-0.000000,0.781831,0.623490,0.965926,-0.258819,-0.967167,-0.254143,15.800000,100.000000,95.000000,15.100000,0.400000,0.000000,21.600000,4.194444,0.000000,0.000000,0.000000,1.000000,0.000000,2.200000,0.000000,0.000000,0.000000,0.000000,1.000000,0.000000,0.000000,0.000000,0.000000
2025-09-16 06:00:00+00:00,2025-09-16 08:00:00+02:00,9,1,8,259,0.000000,-1.000000,-0.000000,0.781831,0.623490,0.866025,-0.500000,-0.967167,-0.254143,16.000000,100.000000,95.000000,13.800000,0.100000,0.000000,39.400000,3.833333,0.000000,0.000000,0.000000,1.000000,0.000000,2.000000,0.000000,0.000000,0.000000,0.000000,1.000000,0.000000,0.000000,0.000000,0.000000
2025-09-16 07:00:00+00:00,2025-09-16 09:00:00+02:00,9,1,9,259,0.000000,-1.000000,-0.000000,0.781831,0.623490,0.707107,-0.707107,-0.967167,-0.254143,16.100000,100.000000,90.000000,14.000000,0.100000,0.000000,76.700000,3.888889,0.000000,0.000000,0.000000,1.000000,0.000000,1.900000,0.000000,0.000000,0.000000,0.000000,1.000000,0.000000,0.000000,0.000000,0.000000
2025-09-16 08:00:00+00:00,2025-09-16 10:00:00+02:00,9,1,10,259,0.000000,-1.000000,-0.000000,0.781831,0.623490,0.500000,-0.866025,-0.967167,-0.254143,16.100000,100.000000,85.000000,13.700000,0.100000,0.000000,122.700000,3.805556,0.000000,0.000000,0.000000,1.000000,0.000000,1.900000,0.000000,0.000000,0.000000,0.000000,1.000000,0.000000,0.000000,0.000000,0.000000
2025-09-16 09:00:00+00:00,2025-09-16 11:00:00+02:00,9,1,11,259,0.000000,-1.000000,-0.000000,0.781831,0.623490,0.258819,-0.965926,-0.967167,-0.254143,17.600000,100.000000,66.000000,14.200000,0.000000,0.000000,404.300000,3.944444,0.000000,0.000000,0.000000,1.000000,0.000000,0.400000,0.000000,0.000000,0.000000,0.000000,1.000000,0.000000,0.000000,0.000000,0.000000
2025-09-16 10:00:00+00:00,2025-09-16 12:00:00+02:00,9,1,12,259,0.000000,-1.000000,-0.000000,0.781831,0.623490,0.000000,-1.000000,-0.967167,-0.254143,17.900000,100.000000,61.000000,18.400000,0.200000,0.000000,461.800000,5.111111,0.000000,0.000000,0.000000,1.000000,0.000000,0.100000,0.000000,0.000000,0.000000,0.000000,1.000000,0.000000,0.000000,0.000000,0.000000
2025-09-16 11:00:00+00:00,2025-09-16 13:00:00+02:00,9,1,13,259,0.000000,-1.000000,-0.000000,0.781831,0.623490,-0.258819,-0.965926,-0.967167,-0.254143,18.000000,100.000000,60.000000,16.300000,0.200000,0.000000,318.800000,4.527778,0.000000,0.000000,0.000000,1.000000,0.000000,0.000000,0.000000,0.000000,0.000000,0.000000,1.000000,0.000000,0.000000,0.000000,0.000000
2025-09-16 12:00:00+00:00,2025-09-16 14:00:00+02:00,9,1,14,259,0.000000,-1.000000,-0.000000,0.781831,0.623490,-0.500000,-0.866025,-0.967167,-0.254143,18.600000,100.000000,52.000000,18.700000,0.000000,0.000000,441.600000,5.194444,0.000000,0.000000,0.000000,1.000000,0.000000,0.000000,0.000000,0.000000,0.000000,0.000000,1.000000,0.000000,0.000000,0.000000,0.000000
2025-09-16 13:00:00+00:00,2025-09-16 15:00:00+02:00,9,1,15,259,0.000000,-1.000000,-0.000000,0.781831,0.623490,-0.707107,-0.707107,-0.967167,-0.254143,17.500000,90.000000,54.000000,16.100000,0.000000,0.000000,327.100000,4.472222,0.000000,0.000000,0.000000,1.000000,0.000000,0.500000,0.000000,0.000000,0.000000,0.000000,1.000000,0.000000,0.000000,0.000000,0.000000
2025-09-16 14:00:00+00:00,2025-09-16 16:00:00+02:00,9,1,16,259,0.000000,-1.000000,-0.000000,0.781831,0.623490,-0.866025,-0.500000,-0.967167,-0.254143,17.800000,38.000000,52.000000,16.500000,0.000000,0.000000,395.700000,4.583333,0.000000,0.000000,0.000000,1.000000,0.000000,0.200000,0.000000,0.000000,0.000000,0.000000,1.000000,0.000000,0.000000,0.000000,0.000000
2025-09-16 15:00:00+00:00,2025-09-16 17:00:00+02:00,9,1,17,259,0.000000,-1.000000,-0.000000,0.781831,0.623490,-0.965926,-0.258819,-0.967167,-0.254143,17.400000,99.000000,53.000000,15.800000,0.000000,0.000000,252.700000,4.388889,0.000000,0.000000,0.000000,1.000000,0.000000,0.600000,0.000000,0.000000,0.000000,0.000000,1.000000,0.000000,0.000000,0.000000,0.000000
2025-09-16 16:00:00+00:00,2025-09-16 18:00:00+02:00,9,1,18,259,0.000000,-1.000000,-0.000000,0.781831,0.623490,-1.000000,-0.000000,-0.967167,-0.254143,16.500000,100.000000,60.000000,11.200000,0.000000,0.000000,83.500000,3.111111,0.000000,0.000000,0.000000,1.000000,0.000000,1.500000,0.000000,0.000000,0.000000,0.000000,1.000000,0.000000,0.000000,0.000000,0.000000
2025-09-16 17:00:00+00:00,2025-09-16 19:00:00+02:00,9,1,19,259,0.000000,-1.000000,-0.000000,0.781831,0.623490,-0.965926,0.258819,-0.967167,-0.254143,15.200000,100.000000,66.000000,10.300000,0.000000,0.000000,0.000000,2.861111,0.000000,0.000000,0.000000,1.000000,0.000000,2.800000,0.000000,1.000000,0.000000,0.000000,1.000000,0.000000,0.000000,0.000000,0.000000
2025-09-16 18:00:00+00:00,2025-09-16 20:00:00+02:00,9,1,20,259,0.000000,-1.000000,-0.000000,0.781831,0.623490,-0.866025,0.500000,-0.967167,-0.254143,14.400000,100.000000,70.000000,9.400000,0.000000,0.000000,0.000000,2.611111,0.000000,0.000000,0.000000,1.000000,0.000000,3.600000,0.000000,1.000000,0.000000,0.000000,1.000000,0.000000,0.000000,0.000000,0.000000
2025-09-16 19:00:00+00:00,2025-09-16 21:00:00+02:00,9,1,21,259,0.000000,-1.000000,-0.000000,0.781831,0.623490,-0.707107,0.707107,-0.967167,-0.254143,13.900000,100.000000,73.000000,8.800000,0.000000,0.000000,0.000000,2.444444,0.000000,0.000000,0.000000,1.000000,0.000000,4.100000,0.000000,1.000000,0.000000,0.000000,1.000000,0.000000,0.000000,0.000000,0.000000
2025-09-16 20:00:00+00:00,2025-09-16 22:00:00+02:00,9,1,22,259,0.000000,-1.000000,-0.000000,0.781831,0.623490,-0.500000,0.866025,-0.967167,-0.254143,13.500000,99.000000,74.000000,8.800000,0.000000,0.000000,0.000000,2.444444,0.000000,0.000000,0.000000,1.000000,0.000000,4.500000,0.000000,1.000000,0.000000,0.000000,1.000000,0.000000,0.000000,0.000000,0.000000
2025-09-16 21:00:00+00:00,2025-09-16 23:00:00+02:00,9,1,23,259,0.000000,-1.000000,-0.000000,0.781831,0.623490,-0.258819,0.965926,-0.967167,-0.254143,13.000000,59.000000,76.000000,8.300000,0.000000,0.000000,0.000000,2.305556,0.000000,0.000000,0.000000,1.000000,0.000000,5.000000,0.000000,1.000000,0.000000,0.000000,1.000000,0.000000,0.000000,0.000000,0.000000
