Activity,Participation_rate_pct,Time_spent_all,Participation_time_only_participants
Activities related to employment and unspecified employment,6.2,0:02,0:33
Caring for pets,5.0,0:01,0:24
"Childcare, except teaching, reading and talking",21.8,0:09,0:43
Cleaning dwelling,42.0,0:27,1:04
Computer games,3.0,0:02,1:13
Computing,25.0,0:17,1:07
Construction and repairs,5.8,0:08,2:16
Dish washing,47.4,0:18,0:37
Eating,99.5,1:33,1:33
"Employment, related activities and travel as part of/during main and second job",58.1,4:29,7:43
Entertainment and culture,1.9,0:02,2:07
Food management except dish washing,71.5,0:57,1:20
Free time study,0.8,0:01,1:53
Gardening; other pet care,9.9,0:09,1:31
Handicraft and producing textiles and other care for textiles,1.5,0:01,1:03
Hobbies and games except computing and computer games,6.6,0:04,1:01
Homework,0.4,0:00,1:56
Household and family care,92.1,3:31,3:50
Household management and help family member,6.8,0:03,0:42
Household upkeep except cleaning dwelling,33.1,0:17,0:50
Informal help to other households,4.7,0:05,1:52
Ironing,10.2,0:04,0:44
Laundry,15.4,0:05,0:35
"Leisure, social and associative life",97.6,4:09,4:15
Main and second job and related travel,57.3,4:27,7:47
Organisational work,0.3,0:00,1:38
Other and/or unspecified personal care,99.1,0:55,0:56
Other social life,35.4,0:16,0:46
Participatory activities,14.6,0:09,1:04
Personal care,100,10:40,10:40
Radio and music,7.4,0:03,0:41
Reading books,14.5,0:09,1:05
"Reading, except books",15.8,0:06,0:41
Resting,31.6,0:16,0:52
School and university except homework,0.3,0:01,4:15
Shopping and services,47.7,0:26,0:55
Sleep,100,8:12,8:12
Sports and outdoor activities except walking and hiking,9.4,0:08,1:27
Study,1.4,0:02,2:33
"Teaching, reading and talking with child",28.7,0:18,1:04
Television and video,88.7,1:59,2:15
Tending domestic animals,1.8,0:01,0:58
Total,100,24:00,24:00
Transporting a child,12.5,0:06,0:48
Travel except travel related to jobs,88.9,1:09,1:17
"Travel related to leisure, social and associative life",29.6,0:17,0:57
Travel related to other household purposes,4.8,0:02,0:42
Travel related to shopping and services,37.7,0:13,0:35
Travel related to study,0.7,0:00,0:52
Travel to/from work,46.1,0:27,0:59
Unspecified leisure,0.1,0:00,0:35
Unspecified time use,10.2,0:03,0:28
Unspecified travel,0.9,0:00,0:36
Visiting and feasts,21.5,0:20,1:31
Walking and hiking,13.6,0:10,1:11
Walking the dog,11.3,0:06,0:56
