time,temperature_2m_C,relative_humidity_2m_pct,wind_speed_10m_kmh,cloud_cover_pct,snowfall_cm,shortwave_radiation_wm2
2026-09-28T00:00,14.7,65,11.4,49,0.0,0.0
2026-09-28T01:00,14.0,69,10.5,33,0.0,0.0
2026-09-28T02:00,13.5,72,10.7,62,0.0,0.0
2026-09-28T03:00,13.2,72,11.0,100,0.0,0.0
2026-09-28T04:00,12.8,76,10.8,67,0.0,0.0
2026-09-28T05:00,12.5,78,11.5,96,0.0,0.0
2026-09-28T06:00,12.4,76,9.9,88,0.0,30.0
2026-09-28T07:00,13.3,74,10.4,99,0.0,114.0
2026-09-28T08:00,15.0,68,10.2,100,0.0,227.8
2026-09-28T09:00,17.6,60,10.0,97,0.0,332.8
2026-09-28T10:00,20.0,53,10.5,22,0.0,471.0
2026-09-28T11:00,22.0,47,10.6,94,0.0,521.0
2026-09-28T12:00,23.2,44,10.3,100,0.0,441.3
2026-09-28T13:00,24.3,41,10.5,66,0.0,408.5
2026-09-28T14:00,24.7,39,11.6,94,0.0,332.3
2026-09-28T15:00,24.7,41,10.5,62,0.0,183.5
2026-09-28T16:00,24.2,42,9.2,83,0.0,128.3
2026-09-28T17:00,22.8,46,7.0,69,0.0,22.3
2026-09-28T18:00,21.2,53,6.0,93,0.0,0.0
2026-09-28T19:00,20.0,57,7.7,97,0.0,0.0
2026-09-28T20:00,19.0,60,8.6,53,0.0,0.0
2026-09-28T21:00,17.9,63,8.9,86,0.0,0.0
2026-09-28T22:00,17.2,65,7.3,100,0.0,0.0
2026-09-28T23:00,16.6,69,6.1,100,0.0,0.0
2026-09-29T00:00,16.0,73,7.1,93,0.0,0.0
2026-09-29T01:00,15.6,75,8.2,100,0.0,0.0
2026-09-29T02:00,15.3,76,9.0,100,0.0,0.0
2026-09-29T03:00,14.8,75,7.6,83,0.0,0.0
2026-09-29T04:00,14.5,76,7.8,100,0.0,0.0
2026-09-29T05:00,14.1,77,8.9,97,0.0,0.0
2026-09-29T06:00,13.8,76,8.4,100,0.0,27.3
2026-09-29T07:00,14.5,71,8.5,31,0.0,128.5
2026-09-29T08:00,16.3,63,9.7,36,0.0,269.3
2026-09-29T09:00,18.6,54,11.7,100,0.0,378.8
2026-09-29T10:00,20.8,47,12.0,77,0.0,460.3
2026-09-29T11:00,22.6,42,13.3,9,0.0,527.0
2026-09-29T12:00,24.1,37,14.0,0,0.0,538.3
2026-09-29T13:00,24.7,36,15.3,0,0.0,491.8
2026-09-29T14:00,25.0,34,15.0,0,0.0,398.0
2026-09-29T15:00,24.8,35,14.3,5,0.0,275.3
2026-09-29T16:00,23.9,37,14.7,1,0.0,135.8
2026-09-29T17:00,22.4,42,12.2,100,0.0,22.8
2026-09-29T18:00,20.5,48,11.4,65,0.0,0.0
2026-09-29T19:00,19.2,54,10.6,40,0.0,0.0
2026-09-29T20:00,18.0,60,11.3,100,0.0,0.0
2026-09-29T21:00,17.4,63,11.9,58,0.0,0.0
2026-09-29T22:00,16.7,65,12.6,100,0.0,0.0
2026-09-29T23:00,16.1,66,10.7,100,0.0,0.0
2026-09-30T00:00,15.6,66,12.1,100,0.0,0.0
2026-09-30T01:00,15.1,67,11.6,100,0.0,0.0
2026-09-30T02:00,14.6,67,11.9,100,0.0,0.0
2026-09-30T03:00,14.2,68,11.0,100,0.0,0.0
2026-09-30T04:00,13.8,71,9.8,100,0.0,0.0
2026-09-30T05:00,13.4,73,8.9,100,0.0,0.0
2026-09-30T06:00,13.2,74,12.2,100,0.0,25.3
2026-09-30T07:00,13.9,70,11.6,67,0.0,110.5
2026-09-30T08:00,15.9,61,13.4,81,0.0,263.5
2026-09-30T09:00,18.5,52,13.2,89,0.0,380.5
2026-09-30T10:00,21.0,42,14.1,86,0.0,454.0
2026-09-30T11:00,22.5,37,17.1,100,0.0,481.5
2026-09-30T12:00,23.3,35,16.3,74,0.0,456.0
2026-09-30T13:00,23.9,33,17.1,73,0.0,450.8
2026-09-30T14:00,23.9,35,16.3,69,0.0,367.8
2026-09-30T15:00,23.5,36,15.0,32,0.0,247.0
2026-09-30T16:00,22.7,39,11.5,12,0.0,127.5
2026-09-30T17:00,21.3,44,10.5,99,0.0,20.0
2026-09-30T18:00,19.8,50,11.0,94,0.0,0.2
2026-09-30T19:00,18.5,55,11.6,79,0.0,0.1
2026-09-30T20:00,17.3,60,10.9,33,0.0,0.0
2026-09-30T21:00,16.3,63,10.3,17,0.0,0.0
2026-09-30T22:00,15.5,65,9.8,7,0.0,0.0
2026-09-30T23:00,14.9,67,9.5,16,0.0,0.0
2026-10-01T00:00,14.4,68,9.3,92,0.0,0.0
2026-10-01T01:00,13.9,70,8.4,55,0.0,0.0
2026-10-01T02:00,13.5,71,8.5,64,0.0,0.0
2026-10-01T03:00,13.1,72,8.2,21,0.0,0.0
2026-10-01T04:00,12.6,74,7.7,46,0.0,0.0
2026-10-01T05:00,12.0,77,8.2,24,0.0,0.0
2026-10-01T06:00,12.0,76,7.8,63,0.0,23.0
2026-10-01T07:00,13.5,69,9.3,100,0.0,113.0
2026-10-01T08:00,15.6,61,10.2,100,0.0,210.0
2026-10-01T09:00,17.8,54,10.4,100,0.0,300.0
2026-10-01T10:00,19.7,48,10.4,100,0.0,392.0
2026-10-01T11:00,21.3,45,9.7,100,0.0,450.0
2026-10-01T12:00,22.5,42,10.0,100,0.0,445.0
2026-10-01T13:00,23.1,42,10.2,100,0.0,372.0
2026-10-01T14:00,23.2,42,10.2,100,0.0,283.0
2026-10-01T15:00,22.9,44,8.9,100,0.0,174.0
2026-10-01T16:00,22.3,46,6.6,100,0.0,72.0
2026-10-01T17:00,20.5,54,4.3,100,0.0,10.0
2026-10-01T18:00,19.4,59,3.6,100,0.0,0.0
2026-10-01T19:00,18.4,62,3.6,100,0.0,0.0
2026-10-01T20:00,17.7,65,3.7,100,0.0,0.0
2026-10-01T21:00,17.2,66,3.2,100,0.0,0.0
2026-10-01T22:00,16.9,67,2.7,100,0.0,0.0
2026-10-01T23:00,16.7,69,2.2,100,0.0,0.0
2026-10-02T00:00,16.5,70,3.3,100,0.0,0.0
2026-10-02T01:00,16.2,72,4.3,100,0.0,0.0
2026-10-02T02:00,15.9,74,5.9,100,0.0,0.0
2026-10-02T03:00,15.6,77,6.9,100,0.0,0.0
2026-10-02T04:00,15.4,82,7.1,100,0.0,0.0
2026-10-02T05:00,15.3,89,7.1,100,0.0,0.0
2026-10-02T06:00,15.5,92,6.9,100,0.0,10.0
2026-10-02T07:00,16.2,90,7.0,100,0.0,61.0
2026-10-02T08:00,17.1,84,6.6,100,0.0,122.0
2026-10-02T09:00,18.1,78,6.3,100,0.0,183.0
2026-10-02T10:00,19.1,72,5.8,97,0.0,324.0
2026-10-02T11:00,20.2,66,4.9,95,0.0,347.0
2026-10-02T12:00,21.0,62,4.5,92,0.0,308.0
2026-10-02T13:00,21.2,61,5.1,93,0.0,188.0
2026-10-02T14:00,21.1,61,6.1,94,0.0,144.0
2026-10-02T15:00,20.8,63,6.6,95,0.0,103.0
2026-10-02T16:00,20.2,66,6.0,90,0.0,62.0
2026-10-02T17:00,19.4,70,5.3,85,0.0,6.0
2026-10-02T18:00,18.7,74,4.8,80,0.0,0.0
2026-10-02T19:00,18.0,77,5.2,85,0.0,0.0
2026-10-02T20:00,17.4,81,5.6,91,0.0,0.0
2026-10-02T21:00,16.9,83,6.2,96,0.0,0.0
2026-10-02T22:00,16.6,84,6.0,94,0.0,0.0
2026-10-02T23:00,16.4,85,5.2,93,0.0,0.0
2026-10-03T00:00,16.2,86,4.8,91,0.0,0.0
2026-10-03T01:00,15.9,88,4.8,93,0.0,0.0
2026-10-03T02:00,15.5,90,5.1,96,0.0,0.0
2026-10-03T03:00,15.2,91,5.1,98,0.0,0.0
2026-10-03T04:00,14.9,92,5.1,97,0.0,0.0
2026-10-03T05:00,14.6,92,5.4,96,0.0,0.0
2026-10-03T06:00,14.7,90,5.4,95,0.0,12.0
2026-10-03T07:00,15.6,85,5.5,76,0.0,80.0
2026-10-03T08:00,16.8,77,6.0,58,0.0,160.0
2026-10-03T09:00,18.2,69,6.3,39,0.0,237.0
2026-10-03T10:00,19.8,60,6.3,59,0.0,405.0
2026-10-03T11:00,21.4,50,6.2,78,0.0,440.0
2026-10-03T12:00,22.6,43,6.4,98,0.0,403.0
2026-10-03T13:00,23.0,40,6.6,96,0.0,310.0
2026-10-03T14:00,23.0,38,7.2,94,0.0,224.0
2026-10-03T15:00,22.6,39,7.3,92,0.0,135.0
2026-10-03T16:00,21.7,42,6.4,96,0.0,53.8
2026-10-03T17:00,20.6,46,5.3,98,0.0,4.0
2026-10-03T18:00,19.7,49,4.4,100,0.0,0.0
2026-10-03T19:00,17.5,74,5.5,100,0.0,0.0
2026-10-03T20:00,16.8,78,5.0,100,0.0,0.0
2026-10-03T21:00,16.3,80,4.9,100,0.0,0.0
2026-10-03T22:00,16.0,81,4.6,100,0.0,0.0
2026-10-03T23:00,15.8,81,3.9,99,0.0,0.0
2026-10-04T00:00,15.5,82,3.5,99,0.0,0.0
2026-10-04T01:00,15.0,84,3.2,99,0.0,0.0
2026-10-04T02:00,14.4,85,3.2,100,0.0,0.0
2026-10-04T03:00,13.8,87,2.9,100,0.0,0.0
2026-10-04T04:00,13.4,89,2.6,100,0.0,0.0
2026-10-04T05:00,13.0,90,2.3,100,0.0,0.0
2026-10-04T06:00,13.1,89,2.4,100,0.0,10.0
2026-10-04T07:00,13.9,85,2.5,95,0.0,62.0
2026-10-04T08:00,15.1,80,3.2,91,0.0,118.0
2026-10-04T09:00,16.4,74,4.0,86,0.0,172.0
2026-10-04T10:00,17.9,68,4.7,81,0.0,273.0
2026-10-04T11:00,19.5,63,5.4,75,0.0,315.0
2026-10-04T12:00,20.6,58,5.8,70,0.0,327.0
2026-10-04T13:00,21.2,55,6.2,65,0.0,312.0
2026-10-04T14:00,21.4,53,6.7,59,0.0,254.0
2026-10-04T15:00,21.2,53,6.8,54,0.0,170.0
2026-10-04T16:00,20.3,56,6.4,58,0.0,74.0
2026-10-04T17:00,19.0,61,5.1,62,0.0,4.0
2026-10-04T18:00,17.8,65,4.3,66,0.0,0.0
2026-10-04T19:00,16.7,68,3.6,54,0.0,0.0
2026-10-04T20:00,15.8,71,2.7,42,0.0,0.0
2026-10-04T21:00,14.9,74,2.3,30,0.0,0.0
2026-10-04T22:00,14.2,76,2.1,32,0.0,0.0
2026-10-04T23:00,13.6,78,1.9,33,0.0,0.0
